Formatted ID,Name,State,Owner,Project,Flow State,Creation Date,Acceptance Criteria,Notes,Release,Percent Done By Story Plan Estimate,Percent Done By Story Count,UserStories
US10466957,PVR: Add hyperlink on Claim Number for a pop up and hyperlink case ID within QC Error View grid,,Dana Sanchez,Team: Pega Prefects,Accepted,5/7/2026,Clickable link: Claim Number for a pop upGiven the QC Error View grid is visibleWhen the grid renders the Claim Number columnThen each claim number is displayed as a hyperlink instead of plain text and pop up with below info.Clickable link: Case Number open the case in a new tabGiven the QC Error View grid is visibleWhen the grid renders the Case NumberThen each case is displayed as a hyperlink instead of plain text and open that case in a new tab,6/4 Ds business said the claim could be a pop up but would need all the below info-- note then they was the case ID also hyperlink  ,,,,
US10466956,PVR: Ability to Edit PVR post Review in Progress,,Dana Sanchez,Team: Pega Prefects,Accepted,5/7/2026,"Acceptance Criteria:PARP will allow a user to edit a case for which they completed Review In Progress when it is in “Ready for QC” status. A 'Back' button will be available in the Actions dropdown if it past ready for qc then disable the button or hide [result letter review, ready for fafr, or resolved status]When the “Back” button is clicked, the screen to confirm we want to go back will then will hit submit and then case will move back to Review In ProgressWhen you return to the Review In Progress is should keep the existing valuesNew Review In Progress data inputs will override the existing values in all editable Review In Progress fields after pushing save for later or submit back to Ready for QCThis functionality is only available if the original Review In Progress was completed on the same calendar date and the user name must match the auditor name who preformed Review In Progress on that caseThe “Back” button will be hidden on calendar days after the original RIP was completed.The “Back” button will be hidden if the user is not the user who completed the Review In Progress on that caseThere will be no limit on how many times a user can go back as long as the Revise RIP is done on the same calendar dateRevisions made through “Back” will be documented in the Case Audit trail tab for recordkeeping.""""User performed a Revise Review In Progress""""Revisions made through “Back” will be documented in a report- available for managers named """"Revised Review In Progress""""columns:Case IDNCPDPEdit DateUser","ask leaders if there can just be back button with no new statusesagreed to back button but the validation need to be only enable if user name macthes the auditor name and needs to be same calendar day24 hours or calendar day?Calendar dayhow will it be handled to only do your own RIP? could auditors move back some else's RIP?should be disabled if their name does not match the auditor name and needs to be same calendar daydo you want a count or report how many times a case has been revise rip?Yes Case ID, NCPDP, Edit Date, UserNeeraj note: when developing create a new assignment Roles: PVR_ManagerOnshorePVR_ManagerOffshorePVR_House Account Manager OnshorePVR_AuditorOnshorePVR_AuditorOffshorePVR_House Account Auditor OnshorePVR_SuperUserOnshorePVR_SuperUserOffshoreAcceptance Criteria: old PARP will allow a user to edit a case for which they completed RIP when it is in “Ready for QC” status. An Edit button will be available in the Actions dropdown.- if it past ready for qc disable [result letter review, ready for fafr, or resolved status]When the “Revise RIP” button is clicked, the case will move to a new status called “RIP Edit.”A “Revise RIP” pop-up will be displayed, prompting the user to confirm that they want to revise the case.Revised RIP data inputs will override the existing values in all editable RIP fields.This functionality is only available if the original RIP was completed on the same date.The “Revise RIP” button will be disabled (grayed out) or hidden on days after the original RIP was completed.There will be no limit as long as the Revise RIP is done on the same dateRevisions made through “Revise RIP” will be documented in the Case Audit trail tab for recordkeeping.Add New statuses to dashboardAdd New statuses to user efficiency reportSimilar to QC Edit:",,,,
US9908547,PVR CVS Splitting Enhancement (specific fall out scenario of Non-table format),,Dana Sanchez,Team: Pega Prefects,Accepted,2/2/2026,existing logic needs to remain the same for US9386361: PVR: CVS Document Splitting from EMAILS (needs to go in prior to 2026) (S.25) | Rally as it is working as expected. There is only one more format (non-table) that needs to be accounted for that currently is falling out. Expected behavior:Table output continues to attach as-isThe additional non-table format is also attached consistently ,please reach out to SME in JavaScript as we aware this is not PEGA code'- there may be someone that can handle this scenario if we cannot find a solution within the dev team  average fallout rate is between 9%–13%. It took me roughly 30 minutes to complete the attachments as soon as we received the file from CVS. Current behavior:Table output attaches successfullyOne specific non-table format does not attach and falls outExpected behavior:Table output continues to attach as-isThe additional non-table format is also attached consistentlyTable format that works: Fall out that is not attaching:,,,,
US9874725,PVR: Offshore BMT Enhancement to allow CAG Exceptions (26.09),,Dana Sanchez,Team: Pega Prefects,Accepted,1/27/2026,"A. Import & ProcessingImport UIA new left navigation item “CAG Offshore Exception Import” is available. This should only be available for PVR Manager Onshore, PVR Manager Offshore rolesUsers can upload an csv file using the Offshore BMT template structure column namesImport supports Add, Update and Remove operations (explicit in the file or via a selector in the UI).add a description to pop up with a description and Validation on the import buttonSystem validates required columnsSource Envir ID and Carrier are requiredwildcard values will be acceptedAccount and Group are optionalwildcard values will be acceptedif the SE is not in there at the SE level only this a validation error will come in System rejects rows with missing keys, invalid formats, or duplicates (with per-row errors and downloadable error report).If both Add and Remove exist for the same key in a single import, fail the row with a conflict error.if duplicates you will receieve an email that it was not added File-level validation shows progress and outcome summary of results (added/updated/removed/failed counts)only add cvs file - validation error will display Business LogicAdd OperationFor new entries, mark the corresponding BMT record with Is_Exception = YThe nightly job will process and persist the change.Update OperationFor matching records, set Is_Exception = Y and update the record to the new valuesThe nightly job will process these changes as well.Remove Operation--IT discuss further how to technically handle this -TBDFor rows that exist in the BMT and are currently flagged as exceptions:Set Is_Exception = N (in the backend)Remove the entry from the BMTuser should not see the record as N but per discussion for development it needs to be seen as N for the jobs to catch the changeNightly job processes the update.B. BMT Changes & VisibilityIs_Exception BMT ColumnOffshore BMT includes a new column Is_Exceptionvalues [Y or N]Users can filter the BMT by Is_ExceptionCreate/Update by and date BMT ColumnsEach import creates in the BMT UICreated by (auto fill by the system)user who entered the original entryCreated date (auto fill by the system)date of the original entryUpdated by(auto fill by the system)user who updated any field from the original entryUpdated date(auto fill by the system)most recent update datePer-record audit kept (previous value, new value, reason, source import file).saved each import file to see what the excel containedcan we save within PARP ?C. Operational Consistency (PVR case & Nightly job)Restriction Rule for Source EnvironmentsIf an entry exists on the Offshore CAG Restriction BMT for a Source Environment (e.g., A6_IRX, A5_CTR, CCTA_PRD, A5_KSR, A2_AZM), then:Claims associated with that entry should be marked as Offshore Restricted = Yes UNLESSThe Claims match a combination of Carrier + Account + Group + SE from upload to  CAG Offshore Exception Import then Offshore Restricted = NoAll other logic should remain the same for identifying Offshore Restricted claimsThe same rules regarding consolidation group would apply to the offshore restriction. For instance, even if the CAG is an exception but is part of a consolidation (with exception of Corp Group 7), then the case will be offshore restricted.If there are multiple claims in a case, and at least one of those claims is considered Offshore Restricted = yes, then the case should be deemed as offshore restricted.Logic exception should be considered/applied during both PVR case creation as well as during the nightly job run to update Offshore Restriction status for existing PVRs.Tech Notes:validation takes more effort compared to BMT development and it cannot be replicated same like BMT Import(Add, Update and Delete).-Is_Exception column will be part of CAG BMT and it will get updated by daily job from CAG Exception BMT table based on updated by date.New CAG Exception BMT will be read only and import is only option for add, update and delete. ( only if validation is not removed)If Business agree with removal of validation, then a link in left navigation pane for a specific UI (This is 3 points new story)If Business agree with removal of validation, This story will be 5 points only for functional implementationIf business wanted validation to implement, a BMT is needed.","(New) Job to update exceptions on Offshore Restriction BMT - 10 PM EST (to run every hour in UAT for testing)Error email to be received for below error scenarios-- """"CAG Exception Add error. Matching record already exists on Offshore Restriction BMT. Please use Update.  SourceEnvironmentID: XXX , Carrier : XXXXXX , Account : XXXXX , Group : XXXXXXX""""- """"The instance provided is not fully offshore restricted. Check the Offshore Restriction Maintenance BMT SourceEnvironmentID: XXX , Carrier : XXXXXX , Account : XXXXX , Group : XXXXXXX""""""""- """"Error on Save:"""" (for add/update/remove save errors to CAG BMT)(Existing) Nightly job to update Offshore Restriction flag on cases based on InputFlag """"N"""" and IsException NOT """"Y"""" - 11 PM EST  (New) Nightly job to update Offshore Restriction flag on cases based on InputFlag """"N"""" and IsException """"Y"""" - 12 midnight EST(to run every 3 hours in UAT for testing)4/15 DS @Debjani Chandra assigned for sprint 9 related to TA30699918: PARP Offshore Restriction - CAG Exceptions | Rally scrum team suggested this solution  higher hierarchy like an entire instance, we will have the ability to allow certain CAGs in that instance to be NOT offshore restricted through an exception BMT or other process.The same rules regarding consolidation group would apply to the offshore restriction. For instance, even if the CAG is an exception but is part of a consolidation (with exception of Corp Group 7), then the case will be offshore restricted.  5/22 JR: There are requirement changes/inputs from Business and UAT observations which would need development effort, moving to next sprint6/3 JR: Due to testing complexity and PO priorities on closing testing for Pega Upgrade changes, resulted in delays leading to moving the story to next sprint.",,,,
US9386361,PVR: CVS Document Splitting from EMAILS (needs to go in prior to 2026) (S.25),,Dana Sanchez,Team: Pega Prefects,Accepted,10/7/2025,"Document Naming StandardThe document should not include the word """"audit"""" in its name.File name: 'CVS_Case ID#'Splitting LogicSplitting should apply only to CVS documents (CorpGroup7 in the Pharmacy Contact Preference BMT [includes both chains and NCPDPs])Splitting should not rely on pharmacy name; instead, use  (CorpGroup7 (currently from the spike this is based on pharmacy name per Senthil, but can be changed).If CVS changes its template, the system should fall back to the previous logic or trigger an alert for review.Th Audit Id based split PDF, it is not able to extract the Audit ID clearly and getting issues, so we decided to go with splitting of PDF based on Rx Number. Please confirm with business once that for every case will have unique RX number or not. Note: As i said, we have the current logic which will not include duplicate claim because if a claim is already audited in any audits, PVR case will go to Resolved-Cancelled status.And we discussed that as per current functionality, when we get mail response, we are attaching Original-email.eml to the case...As part of our requirement, for CVS Pharmacy and when it is CorpGroup7, we are not attaching this Original-email.eml to the case. In this scenario, no one can see this Original-email.eml. Is that fine for you, because we don't have backup on this file.  Can you please confirm and add this point to story AC for tracking.Validation Before Audit – Clarification Needed:Current criteria: If the letter exists but no actual chart is present, the audit should not proceed. What do you mean by chart? Is that referring to the Attestation page?Question: Is the intent that if a CVS response is split across multiple PVRs and one PVR does not include a letter with a chart (member claim data), then that audit should remain in Waiting Response and not move to Response Received, even if a letter is attached? If the case has a hardcopy attached it should be moved to response received even if it is missing the attestation page. Offshore Exception-Currently offshore if there is a consol group in the Pharmacy Contact Preference BMT it will not allow offshore role to open that caseThere needs to be an exception for specific CVS chain codes (CorpGroup7) to only put yes and block if the CAG is on the off shore restriction BMTAdd an exception for CVS chain codes for offshore flag only if the CAG is not on the restriction BMT: (CorpGroup7 in the Pharmacy Contact Preference BMT [includes both chains and NCPDPs]) "," 12/8 DS sent via teams with a video on how to recreate 12/08 Senthil: @Dana Sanchez , Can you please provide response PDF document for below cases in UAT. Please add three response pages like how is in Prod Also for below 5 cases, Response file case id should not be in sequence. 12/3/2025 MM: Splitting up story to move final acceptance criteria (Offshore Exception) to new story US9644956: [Unfinished-Continued] PVR: CVS Document Splitting from EMAILS (needs to go in prior to 2026) | Rally",,,,
US9416273,PVR: Previous PVR for Same Rx Flag pt 1 UI,,Dana Sanchez,Team: Pega Prefects,Accepted,10/13/2025,"In Scope (UI Only)1. Flag DisplayAdd a new column “Previous Rx Flag”Display a flag icon next to the Rx NumberLocations:PARP claim gridStatuses:Review in ProgressReady for QCReady for QC EditClaim Details tabStatuses:Results Letter ReviewResults Pending ConsolResults Pending FaxResults Corr FailedReady for FAFRResolve FAFR SubmittedVisual requirements:Distinct color (orange or red)Visible only when the backend indicates a valid prior-review conditionNo display for non-flagged claims (no empty icons/placeholders)2. Flag Interaction (Pop Up)On click -pop up:Display a modal containing:Header: “Previous Review”Summary of one or more prior casesCaseID- hyperlink to caseDiscrepancy Code 1--Is it Prelim or Final Finding value?(Senthil QS) use the final - if qc edit was performed us qc editDiscrepancy Code 2--Is it Prelim or Final Finding value?(Senthil QS) use the final - if qc edit was performed us qc editDate of review---What Date it is?(Senthil QS)  date it moved to Ready for FAFR which is the same date result letter was sent, if no result letter was sent then date ready for qc was completeAuditor name--Is it QC Reviewer name?(Senthil QS) REMOVEInternal commentsQC commentspop up must have """"x"""" to exit pop up screenRules:Ready for QC is complete → show Ready for QC results only for a caseIf QC Edit is complete → show QC Edit results only for a caseIf multiple resolved cases exist → show all, sorted by most recent first case3. Acknowledgment UIAt the bottom of the pop up: *note that this is temporary and if you hit save for later the user is expected to go back and ack the check box (approved in demo by leaders)Checkbox:☑ I have reviewed the prior case(s) and understand the previous violation(s).4. Error Message Display (UI only)When backend blocks progression (see Story 2), display error message:“Please review all claims with previous rx flag.”Applicable when attempting to move:Review in Progress → Ready for QCQC Edit submission Tech notes:In case if user did not click on Flags and goes ahead and submit the Review in progress case, should system allow user to continue to Ready for QC? Not allowRxNumber case is resolved and it allowed new audit to initiate with same Rx number, when new case in review in progress or any status, if old case is reopened in this scenario, there are two active cases which are having same rx number. - only ever show resolved details ? scenario for qc edits how to consider them and what if there are more than one resolvedif qc edit is in progress at the same time then show qc results - qc edit results would not show up until passed the status of qc editif the other audit in flight has passed ready for qc then show that in the qc edit status or other passed results in resolvedIs this for New cases only or we need to consider for in flight cases.- inflight and previous resolvedTwo stories 1) for UI implementation- 3 points 2) Logic implementation - 5points  ","Need to review and then create test cases  regression testing from IT? Jeni - is there a scenario where an rx number would belong to two NCPDPs?-- YES BUT this flag would only apply to the same rx from the same NCPDP. If it is just the same rx number but not the same NCPDP, they are not really the same prescription, they just happen to have the same rx number. same rx number from different NCPDPs would just be a coincidence",,,,
US10307526,PVR: Previous PVR for Same Rx Flag pt 2 Logic,,Dana Sanchez,Team: Pega Prefects,Accepted,4/9/2026,"Flag Visibility Rules1. When to Show the FlagShow flag only if:A prior case exists with the same Rx Number + NCPDPPrior case is:Resolved statusOR In‑flight beyond Ready for QCRules for discrepancy codes:Ready for QC is complete → show Ready for QC results only for a caseIf QC Edit is complete → show QC Edit results only for a caseIf multiple resolved cases exist → show all, sorted by most recent first caseIf a resolved case is reopened while a new audit is already in progress:Treat reopened case as activeApply prioritization rules aboveAcknowledgment EnforcementMandatory AcknowledgmentUser must click the flag and acknowledge prior case informationAcknowledgment is required before:Review in Progress → Ready for QCQC Edit submissionAt the bottom of the pop up:Checkbox:☑ I have reviewed the prior case(s) and understand the previous violation(s).If user attempts to proceed without acknowledgment:Block transitionReturn error:“Please review all claims with previous rx flag”Audit Trail RequirementsLog the following:RxnumberUser IDCase IDTimestamp when acknowledgment checkbox is completed In‑Scope Case Types✅ New cases✅ In‑flight cases✅ Previously resolved casesThis applies retroactively, not just net-new audits. Tech notes:In case if user did not click on Flags and goes ahead and submit the Review in progress case, should system allow user to continue to Ready for QC? Not allowRxNumber case is resolved and it allowed new audit to initiate with same Rx number, when new case in review in progress or any status, if old case is reopened in this scenario, there are two active cases which are having same rx number. - only ever show resolved details ? scenario for qc edits how to consider them and what if there are more than one resolvedIs this for New cases only or we need to consider for in flight cases.Two stories 1) for UI implementation- 3 points 2) Logic implementation - 5points  ","Need to review and then create test cases  regression testing from IT? Jeni - is there a scenario where an rx number would belong to two NCPDPs?-- YES BUT this flag would only apply to the same rx from the same NCPDP. If it is just the same rx number but not the same NCPDP, they are not really the same prescription, they just happen to have the same rx number. same rx number from different NCPDPs would just be a coincidence",,,,
US8843543,PVR: Enhancement to Adding Unit of Measure and Package Size and Algo Name to PARP UI Screens,,Dana Sanchez,Team: Pega Prefects,Accepted,6/18/2025,"Acceptance Criteria and Scenarios can mimic US7573942 but instead of the Review in Progress and QC Review, and QC Edit screens, it would be the statuses listed below within the claims details tab.Results Letter ReviewResults Pending ConsolResults Pending FaxResults Corr FailedReady for FAFRResolve FAFR SubmittedProduct Description (e.g. Pen, Bottle, etc.)From PKG_DESCUOM (e.g. ML, Each, etc)From PACKAGE_SIZE_UOM_CDPackage Size (e.g. 0.50, 100, etc)From PKG_SIZEPackage Quantity (e.g. 4, etc)From UNIT_OF_MEASURE_QTYTotal Package Size (e.g. 2.00, 100, etc)From PKG_SIZE_TOTAL_QTY update from US8246071-- in Review in Progress and QC Review, and QC Edit screens, and  Read Only QC views 'Algo Name' needs to match what is seen in """"Rule Flag"""" column dataShould be populated with the corresponding value from the Rule Flag column of Algorithm Descriptions BMTHover over function w/description displaying should be available for each claim ",confirm with a screen shot where in these statuses ,,,,
US9003525,PVR: Pharmacy Notes Tab BMT (BMT Creation) (S26.06),,Dana Sanchez,Team: Pega Prefects,Accepted,7/21/2025,"NEW BMT """"Pharmacy Note Tab"""" Columns:Sequence ID (auto fill by the system)Pharmacy Type*requiredDrop down to select NCPDP, ChainPharmacy ID*requiredField to enter the Chain Code, NCPDPChain 5 digits - if pharmacy type is chaincan be numbers and letters combination- error message will come if over 5 or under 5 valuesNCPDP 7 digits - if pharmacy type is NCPDPonly be numbers - error message will come if over 7 or under 7 valuesPharmacy Name*requiredField to enter Chain name, Pharmacy namePharmacy Note*requiredField to enter the noteStart Date*requiredEnd Date - end date must be greater than start daterequired if Permanent value is Nonot required if Permanent value is YesPermanent *requiredwith a drop down Yes or No Initially it will be populated as 'Yes' and later If end date is selected, it will become as 'No'. This changing of value from 'Yes' to No, will be reflected in UI on manual refresh only because we cant refresh the UI in BMT.If end date is not populated then Permanent value must be Yes to be able to save entryIf end date is populated then Permanent value to No to be able to save entrychange permanent automatically to 'No' once an end date is selectedStatus (Dev Notes: We decide to go with Job which runs every 30 mins to monitor the start and end date and updating status column will be handled in Queue Processor inside job activity)When a new note is added, it will default to “active” status, unless the start date is in the future. If the start date is in the future, then the note will be “inactive” until the start date at which time it will change to “active”When a note reaches it’s end date the note will automatically switch to “inactive”If there is no specific start or end date, user can enter radio button of """"Permanent"""" (this is in the UI in the BMT it will be a drop down yes or no) and the note will become active immediatelyInactive NoteField to enter the inactive note-- this is not required when adding directly into the BMT -- this is only required in later story when user hits a check box to inactivate a note they need to enter a reason and that reason will be stored in the column in the bmtWhen a user wants to inactivate a note, they will click the check box next to the note they want to inactivate and click the Inactivate Note button.To inactivate a note, the user will be required to enter a reason and the reason will be visible in the note for all cases for that pharmacy/chainEnd date would be updated to current date to inactivate the noteAfter the reason for inactivation is entered and saved, the system will capture the user’s msid, date and time of inactivation (Dev Notes: Do we need to capture all previous inactivate reason or only the latest one? This reason column should be available in BMT also?)--user should never be able to edit an inactive line- only active ones can be edited""""Created by (auto fill by the system)user who entered the original entryCreated date (auto fill by the system)date of the original entryUpdated by(auto fill by the system)user who updated any field from the original entryUpdated date(auto fill by the system)most recent update date Filtering:We need reporting to be able to search notes for specific date ranges, NCPDPs, ChainWe need to be able to select Active, Inactive, or allWhen displaying Inactive notes, we need to see the note that was inactivated, the user that inactivated it, the reason it was inactivated, and the date and time it was inactivated.For Active reporting, we want to see all of the active notes for a given NCPDP, ChainDoes not need to be apart of BMT lockBMT should only be accessible by those with a Manager role in the PVR flowBMT should be defaulted to sort by Sequence ID (smallest to largest)All functions similar to other BMTs :Search box should be available as free text field and return any records from BMT with matching criteriaUser can manually add new records to the BMT by clicking on '+ Add Record' buttonUser can manually update and delete existing records in the BMTUpdates can be done by clicking into/on any of the fields for the record and either selecting a new option via dropdown or updating free textDeletions should be done via delete button / trashcan iconUser can perform batch addition of new records to the BMTLeverage the standard Import functionality that prompts users to select a file for uploadUser will have the option in dropdown to 'Add Only' records or 'Add/Update' recordsValidations listed above should be checked when importing recordsUser can perform batch updates and deletions of existing records in the BMTLeverage the standard Import functionality that prompts users to select a file for uploadUser will have option in dropdown to 'Add/Update' or 'Delete'Validations listed above in #7 should be checked when importing records for Add/UpdateWhen user selects 'Delete' the records should only be deleted when Sequence ID in file matches Sequence ID in BMTUser can filter and sort all columns in the BMTUser can export the entire BMT into an csv fileAll records currently displayed in BMT view should be included in exportAll columns from BMT should be included in BMTSystem will display an alert and require a user to acknowledge all manual and batch deletions of existing records in the BMTIf user does not approve the manual deletion by clicking 'OK', deletion does not occur.If user does approve the manual deletion by clicking 'OK' deletion will occur.When completing deletions via batch process, pop-ups should follow standard process to ensure user is aware of deletion ","3/24 DS accepted but do not tag until function stories are complete https://uhgazure.sharepoint.com/teams/PARPA-Team/Lists/Request%20Form/DispForm.aspx?ID=7097&pa=1&e=seVsaE--7097 I want to submit an enhancement user story for PVR to enable the ability to enter a pharmacy specific note that will be displayed in the UI for any and all cases for that pharmacy or chain Dev Design Notes by Senthil:Bases on Start and End Date in BMT, to update the status column Active or Inactive, will run a job every 30 mins.Inside Job activity, Browse each records from the BMT and check we need to update the status column or not. If we need to update, then queue the particular records and update will happen in Queue processor activity.Put a log entry for Start and End time for this whole job activity completion.",,,,
US9003552,PVR: Pharmacy Notes Tab BMT (BMT Functionality) part 2- Pop Up,,Dana Sanchez,Team: Pega Prefects,Accepted,7/21/2025,"When an active note exists for a pharmacy, the user working the case will receive a pop-up message that they will need to acknowledge by clicking OK (Dev Notes--It has to be taken as separate 5 pointer story as technical challenge and testing would be more)- splitThe pop-up message will say “An active pharmacy note exists. Please check the Pharmacy Note tab before proceeding.”suggestions is a banner in all statuses any time there are notes in the pharm notes tab [if no note then no banner is needed]...however the error message will come up if they didn't view/acknowledge the pharm notes tab and they do try to hit save /submit button not allowing them to move forward to the next status forReview In ProgressReady for QCReady for QC EditNo responseResponse receivedCorr failed (init, reminder, results, cancel)letter gen failed (init, reminder, results, cancel)waiting response (init, reminder, final)If the user gets to the end of the review and hits save or submit, if they have not accessed the Pharmacy Note tab, an error banner will appear telling them they cannot save or submit until they read the pharmacy note.Review In Progress-  save or submit buttonReady for QC-  save or submit buttonReady for QC Edit-  save or submit buttonNo responseno response - submit buttonresponse received - attach buttonResponse received- start review buttonResult pharm contact -   generate letter buttonCorr failed (init, reminder, results, cancel)-   generate letter buttonletter gen failed (init, reminder, results, cancel) -   generate letter buttonwaiting response (init, reminder, final)- attach buttonPharmacy Note tab will have an “!” next to the words Pharmacy Note if there are active notesThe error banner will display “An active pharmacy note exists. Please check the Pharmacy Note tab before saving or submitting.”User will have to click the check box within the tab in order to move forward - this check box needs to be refreshed once it moves to the next status",4/15 DS @Naga Senthil assigned for sprint 9https://uhgazure.sharepoint.com/teams/PARPA-Team/Lists/Request%20Form/DispForm.aspx?ID=7097&pa=1&e=seVsaE--7097 I want to submit an enhancement user story for PVR to enable the ability to enter a pharmacy specific note that will be displayed in the UI for any and all cases for that pharmacy or chain,,,,
US10029386,PVR: Pharmacy Notes Tab BMT (BMT Functionality) part 1,,Dana Sanchez,Team: Pega Prefects,Accepted,2/24/2026,"A new tab will be created in the Case Details area of the UI called Pharmacy NoteThe Pharmacy Note tab will be located to the right of the Pharmacy Details tabThe Pharmacy Note tab will be displayed in all statuses and queues where the PVR Details, Pharmacy Details, and Correspondence tabs existWhen a user accesses the Pharmacy Note tab the existing notes, if any, for that pharmacy will be displayeddisplay from the BMT any records that match the pharmacy case (CHAIN or NCPDP all records that match)Next to each note there will be a check boxEach note will include the following (similar to what is displayed for Case Notes with the addition of the “Active” or “Inactive” field:Field that shows if the note is Active or Inactive- REMOVE column and filter to only show active notes in the UIPharmacy NoteCreated by (populated by the system)Created on date and time (populated by the system)More than one note can exist for a given pharmacy or chainWhen a user accesses the Pharmacy Note tab there will be buttons to Add New, Edit Note, and Inactivate Note (Dev Notes: Add and Edit Notes will have a pop up. but Edit Note will be inline for each record. For Inactivate will have check box and click Inactivate button)- user should never be able to edit an inactive line- only active ones can be editedIf the user clicks the Add New Button a form will be presented where the user will enter the details of the note.Required fields for the Add New form will include:Pharmacy Type *requiredDrop down to select NCPDP, ChainPharmacy ID  *requiredField to enter the Chain Code, NCPDP, auto populate from pharmacy details tablePharmacy Name  *requiredField to enter Chain name, Pharmacy name, auto populate from pharmacy details tableRequestor Name  *requiredField to enter name and title of the requestor from the pharmacy/chainPharmacy Note *requiredField to enter the notewhen this is added back to the BMT use standard format Name of Requestor: xx, Pharmacy Note: xxx [this is only when using add button - within the bmt its a free text field no structure]Start Date *requiredEnd Date  *required unless permanent is selectedpermanent radio button - if selected then end date is not requiredStatus  *required but system populatesWhen a new note is added, it will default to “active” status, unless the start date is in the future. If the start date is in the future, then the note will be “inactive” until the start date at which time it will change to “active”When a note reaches it’s end date the note will automatically switch to “inactive”If there is no specific start or end date, user can enter radio button of """"Permanent"""" and the note will become active immediately When a user wants to edit an existing note, they will use the Edit Note button.When the note is selected and the edit button is pressed, the note form will be presented to the user and the user can make the necessary changes to the note. Pharmacy note, started date, end date [will not follow format]We need a change log that will preserve what was in the note prior to the edit (Dev Notes: Will Keep one more column in BMT 'Previous Notes'....Do we need to keep log only for previous entry to the edit or all entries?)-- change to report (similar to alternative pharm contact report)-- split this part off?--> US10030002: PVR: Pharmacy Notes Tab BMT (BMT Functionality) part 3- Edit Log Report | RallyWhen a note is edited, it will capture the msid, date and time of the editonly show in the UI the most recent change and the split off the report to show all the change edit notesdisable edit button if status is inactiveWhen a user wants to inactivate a note, they will click the check box next to the note they want to inactivate and click the Inactivate Note button.To inactivate a note, the user will be required to enter a reason and the reason will be visible in the BMT onlyEnd date would be updated to current date to inactivate the noteAfter the reason for inactivation is entered and saved, the system will auto capture in update user and update date and time of inactivation (Dev Notes: Do we need to capture all previous inactivate reason or only the latest one? This reason column should be available in BMT also?)--user should never be able to edit an inactive line- only active ones can be edited When an active note exists for a pharmacy, the user working the case will receive a pop-up message that they will need to acknowledge by clicking OK (Dev Notes--It has to be taken as separate 5 pointer story as technical challenge and testing would be more)- split to US9003552: PVR: Pharmacy Notes Tab BMT (BMT Functionality) part 2- Pop UpThe pop-up message will say “An active pharmacy note exists. Please check the Pharmacy Note tab before proceeding.”Pharmacy Note tab will have an “!” next to the words Pharmacy Note if there are active notesIf the user gets to the end of the review and hits save or submit, if they have not accessed the Pharmacy Note tab, an error banner will appear telling them they cannot save or submit until they read the pharmacy note.The error banner will display “An active pharmacy note exists. Please check the Pharmacy Note tab before saving or submitting.”",https://uhgazure.sharepoint.com/teams/PARPA-Team/Lists/Request%20Form/DispForm.aspx?ID=7097&pa=1&e=seVsaE--7097 I want to submit an enhancement user story for PVR to enable the ability to enter a pharmacy specific note that will be displayed in the UI for any and all cases for that pharmacy or chain 04/24 MM: Not tagging to milestone until other Pharmacy Notes stories are complete. Accepting as development is complete,,,,
US10030002,PVR: Pharmacy Notes Tab BMT (BMT Functionality) part 3- Edit Log Report,,Dana Sanchez,Team: Pega Prefects,Accepted,2/24/2026,"Pharmacy Notes Edit Change Log ReportReport should be found under the 'Reports' section on the lefthand side of PARP UI. It should be under the List of reports visible to PVR Managers (onshore, offshore, in house)Any time a note is edited it needs to be captured in this reportonly active notes can be editedYes, all note types should be captured. The intention will be to have it mimic the functionality of the Alternate Pharmacy Contact report where any edits or additions are captured in the report for leadership to review. if nothing was changed then does not need to be logged Columns:Case IDNCPDPChainEdit DatePrevious NoteUpdated Notemsiduser who made the edit ",4/15 DS @Chavala Malleswararao assigned for sprint 9 https://uhgazure.sharepoint.com/teams/PARPA-Team/Lists/Request%20Form/DispForm.aspx?ID=7097&pa=1&e=seVsaE--7097 I want to submit an enhancement user story for PVR to enable the ability to enter a pharmacy specific note that will be displayed in the UI for any and all cases for that pharmacy or chain Tech note- create index rule,,,,
US9591572,PVR: Enhancement to PVR Offshore Prioritization Logic Per Case Queue,,Dana Sanchez,Team: Pega Prefects,Accepted,11/19/2025,"Toggle ControlA configuration option exists to enable or disable PVR Offshore Prioritization logic for specific case queue.Response ReceivedReady for QCDefault setting should maintain current logic for other queues. [we do NOT need it to apply to the other queues besides the 2 listed above]ScopeWhen enabled, prioritization logic applies only to PVR cases in the specified queue.When disabled, the queue follows standard prioritization rules without PVR-specific logic.VisibilityAdmins can view and update the toggle setting per queue.Offshore auditors should not need to manually adjust this setting. ","I need an enhancement to US9416269. We currently only have cI did not mean to include QC and other Superuser queues to this logic right now. In the future we may have offshore superusers doing QC etc so is there a way we can turn it of and on for different queues or roles? For instance, right now we would have it turned on for only response received, but in the future we would want the ability to turn it on for QC.  02/03 MM: Note this logic will need to be reviewed and confirm that the messaging users get when using the Get Next Work button is displaying correctly in all scenarios. Especially when the queue is 0 or low. Currently when logic is on in UAT, we are seeing error messaging display instead of the green banner indicating their is no more work. The logic is not accounting for the scenario where there is no PVRs in a queue and the user clicks the button. Correct Messages: Incorrect Message: Logic Area:  ",,,,
US7802684,"DSK, OSE, INV, PVR, INM, TNM, ALL: Regional Block BMT - ETL [Part 2 - Monthly]",,Lisa Regalado,Team: Power Rangers,Accepted,10/22/2024,"If only state is populated in the BMT, then the block is for all pharmacy where PHY State = the state in the BMTIf only zip code is populated in the BMT, then the block is for all pharmacy where PHY Zip = the zip in the BMTIf state and zip code are populated, then the block is for any pharmacy that has PHY state AND PHY Zip matching the entries (must match the combination)ETL – no new cases or new audits should be created that match the criteria, including manual case creationIncremental jobs should continue for cases that are already in PARP Scenario 1: ETL - No data loaded for new cases or auditsGiven a BMT is created with a valid state or zip code for a specified audit typeAnd a pharmacy matching the state or zip code and audit type in the BMT is sent by ML or entered in the MCC BMTNo new case or audit is createdAnd no data should be loaded for new cases or new audits Scenario 2:Given a BMT is created with a valid state or zip code for a specified audit typeAnd a pharmacy matching the state or zip code and audit type in the BMT has an existing audit or case in PARPThen incremental jobs should continue for audits and cases already in PARP  ","Q42024 - Confirmed for Sprint 2210/22/24 CH: @Lisa Regalado FYI, please review the acceptance criteria. If changes are needed please let me know. @Dubey, Sudhanshu @Kunjan Panchal added this to current sprint (22) please advise if there are any issues/concerns. Thanks. @Lisa Regalado  @Kunjan Panchal  can you please update the story with the correct conditions to check. As per our discussion below will be only two condition to check 1. If only state is populated in the BMT, then the block is for all pharmacy where PHY State = the state in the BMT2. If only zip populated in the BMT, then the block is for all pharmacy where PHY zip = zip in the BMT 29 Oct LMR: @Kamal Sharma updated acceptance criteria to be more clear. Please let me know if there are additional questions.11/5/24 CH: @Sudhansu Dash regarding the data needed for testing, can you advise specifically what is needed please? Referring to the email chain asking for support in updating the BMTs. Are you needing us to identify the pharmacies that would be associated w/the zip code and or state blocks for testing? Or, are you wanting us to update the Regional Audit BMT w/the exclusions. The ask for PVR in the email is unclear. @Jennifer Salazar @Christine Nguyen @Kunjan Panchal, @Sulav Khadka FYI. ",,,,
US8641258,"OSE: Federal, UHG, and State Holiday Communication Restriction BMT (BMT New Functionality)",,Dana Sanchez,Team: Golden Eye,Accepted,5/8/2025,"Federal and UHG, [and State] Holiday Communication Restriction BMT  If a pharmacy state does NOT match the state listed in the BMT then existing logic stays the same If a pharmacy state does match the state listed in the BMT but current date does NOT match either federal or state holiday column then existing logic stays the same If a pharmacy state does match the state listed in the BMT and current date matches either federal or state holiday column then the logic of how sending communications, issuing findings, or contacting the provider needs to be updated to below scenarios:  (state can be on multiple rows because states can have more than one holiday applied to them) OSEStatus is in Init-Pending Date of Onsite Conf System will lock fields with a message """"Due to state law, no communication to the pharmacy is allowed on [insert holiday date mm/dd/yy]""""Status is in any pharm contact screens and all corr failed screensStatusInit Pharm Contact Init- Corr failed Prelim Pharm ContactPrelim - No ResponsePrelim - Corr failed Final Pharm ContactFinal - Corr failed Post Final Pharm Contact Post Final - Corr failed System will disable 'Generate' button and the manually move forward check boxmessage to user """"Due to state law, no communication to the pharmacy is allowed on [insert holiday date mm/dd/yy]""""Once the holiday passes this message should automatically remove and enable buttons again   "," Input needed: Regulatory Mandate Alert: NY Title 11 NYCRR Parts 450, 452, 454, 456-9Requirement : (1) conduct such audit on federal or state holidays unless requested or consented to by the pharmacy;Need to create a user story with logic built that will prevent users from sending communications, issuing findings, or contacting the provider on State and Federal holidays. take into account DSK DE1227227: INC46548119: DSK, ID-8073, Audits/Audit Details, Attachments, Unable to Attach; Users unable to attach pharmacy response due to US8576990 104/16/2026: Pratik> this is deployed to UAT in version OSE:01-03-13 @Dana Sanchez  can you please validate this.  ",,,,
US8569781,DSK: State Pharmacy Correspondence Requirements BMT (BMT Functionality) (S.12),,Dana Sanchez,Team: Pega Prefects,Accepted,4/23/2025,"If a pharmacy state is NOT listed on the state pharmacy correspondence BMT then existing logic stays the same If a pharmacy state is listed but the audit flow is NOT listed in the state pharmacy correspondence BMT then existing logic stays the same  If a pharmacy state is listed and the audit flow is listed in the state pharmacy correspondence BMT then the logic of how a letter is sent need to be updated to below scenarios: Within the 'Required Method of Contact ' field there are different functions that will need to take place: If 'Email' is selected:System will check if there is an email on the Pharmacy Contact Preference BMTIf yes, letter should be sent to that email (DSK, OSE) If no, system should disable the """"generate"""" letter button and needs to prompt the user to contact the pharmacy for an EMAILsimilar to US8255396: DSK, OSE: NY Restrictions Fax Notice | Rallymessage to user """"Due to State Law the letter must be sent via EMAIL. Pharmacy must be contacted to verify preferred EMAIL ONLY to send audit letters. Please confirm and update the contact preference by clicking Edit."""" (PVR-no pharm contact screen all letters are automatically sent) Initial and Reminder letter If no, system should move the audit directly to the corr failed status (NO LETTER should even attempt to send)when the user is in the corr failed screen it should disable the """"generate"""" letter button and needs to prompt the user to contact the pharmacy for an EMAILwhen a user used bulk letter generation it should not generate letters for these specific cases and give the below message with the case ID similar to US8255396: DSK, OSE: NY Restrictions Fax Notice | Rallymessage to user """"Due to State Law the letter must be sent via EMAIL. Pharmacy must be contacted to verify preferred EMAIL ONLY to send audit letters. Please confirm and update the contact preference by clicking Edit.""""Result letter If no, system should not generate a letter and if the user clicks """"submit"""" button it will prompt the user to contact the pharmacy for an EMAILwhen a user used bulk letter generation it should not generate letters for these specific cases and give the below message with the case ID similar to US8255396: DSK, OSE: NY Restrictions Fax Notice | Rallymessage to user """"Due to State Law the letter must be sent via EMAIL. Pharmacy must be contacted to verify preferred EMAIL ONLY to send audit letters. Please confirm and contact your leadership to update the contact preference. """" If 'Fax' is selected:Existing logic will remain:System will check if there is a fax on the Pharmacy Contact Preference BMTIf yes, letter should be sent to that fax If no, letter will be sent to the default fax number in rxclaim on record NEW Logic:if the case is apart of a corp group all the faxes for the corp group will consolidate (like email does today) If 'Email and Fax' is selected:System will check if there is an email or fax on the Pharmacy Contact Preference BMTcase is NCPDP no chain code: if only email is listed in the PCP BMT-- system should use that email and in additional retrieve the fax using the existing logic of the default fax number in rxclaimcase is NCPDP no chain code: if only fax is listed in the PCP BMT-- system should use that fax and follow steps below:system should use that fax listed in the PCP BMTsystem should disable the """"generate"""" letter button and needs to prompt the user to contact the pharmacy for an EMAILsystem will update the Edit button to display both fields email and fax as required to update the pcp bmt (note if a chain code this edit button will never show up)message to user """"Due to State Law the letter must be sent via EMAIL and FAX. Pharmacy must be contacted to verify preferred EMAIL and FAX to send audit letters. Please confirm and contact your leadership to update the contact preference.""""(DSK, OSE)case is NCPDP with a chain code: first search for NCPDP on the PCP if NCPDP is on there use that entry only (do not look at chain code entry)- then follow below steps of (abcd) if either fax or email entry is nullif no entry for NCPDP level is there then search for chain code entry on the PCP BMT and use chain code level entry -- - then follow below steps of (abcd) if either fax or email entry is nullIf there is no entry for neither NCPDP or chain code on the PCP BMT then follow below steps of (abcd): system should disable the """"generate"""" letter button and needs to prompt the user to contact the pharmacy for an EMAIL or FAXsystem will update the Edit button to display both fields email and fax as required to update the pcp bmt (note if a chain code this edit button will never show up)message to user """"Due to State Law the letter must be sent via EMAIL and FAX. Pharmacy must be contacted to verify preferred EMAIL and FAX to send audit letters. Please confirm and contact your leadership to update the contact preference.""""(PVR) case is NCPDP a chain code: if only email is listed in the PCP BMT-- system should use that email and the user should be prompted to reach out for a corp fax to add to the PCP BMT OR if only fax is listed in the PCP BMT or if not in the PCP BMT at allInitial and Reminder letterSystem should move the audit directly to the corr failed status (NO LETTER should even attempt to send)when the user is in the corr failed screen it should disable the """"send"""" letter button when in the audit is in init letter review status the check box to update the pharmacy information should be disabled with a message """"message to user """"Due to State Law the letter must be sent via EMAIL and FAX. Pharmacy must be contacted to verify preferred EMAIL and FAX to send audit letters. Please confirm and contact your leadership to update the contact preference.""""when a user used bulk letter generation it should not generate letters for these specific cases and give the below message with the case ID similar to US8255396: DSK, OSE: NY Restrictions Fax Notice | Rallymessage to user """"Due to State Law the letter must be sent via EMAIL and FAX. Pharmacy must be contacted to verify preferred EMAIL and FAX to send audit letters. Please confirm and contact your leadership to update the contact preference.""""Result letterSystem should not generate a letter and if the user clicks """"submit"""" button it will prompt the user to contact the pharmacy for an EMAILwhen a user used bulk letter generation it should not generate letters for these specific cases and give the below message with the case ID similar to US8255396: DSK, OSE: NY Restrictions Fax Notice | Rallymessage to user """"Due to State Law the letter must be sent via EMAIL and FAX. Pharmacy must be contacted to verify preferred EMAIL to send audit letters. Please confirm and contact your leadership to update the contact preference.""""If pharmacy is part of a chain affiliation that is on the BMT called No PVR Results Letter, this should follow the current logic where a results letter will not generate.  (This should apply to results letters whether email only/ fax only/ fax & email are indicated.  After the above scenario is completed, the letter needs to send both methods of communication (EMAIL AND FAX)Corr TableAdding two columns """"fax status"""" and """"fax fulfillment"""" only when it is sent """"EMAIL/FAX""""if it is not this scarnio the corr table should look the sameStatus (added in pending consol scenarios)If the case is apart of a consolidation group then status will move to pending consolNEW logic:Faxes will send at the same time as the consol emailIf the case is not apart of a consolidation group then the status will move to pending fax If both methods of communication were successful then it will move to the next status per existing logic """"waiting for response""""If email failed and fax was successful then status needs to move to correct """"corr failed"""" If fax failed and email was successful then status needs to move to correct """"corr failed"""" should see email in Corr Sent ItemsIf email failed and fax failed then status needs to move to correct """"corr failed"""" When resending the letter it should only resend the method that failed  If 'Pharmacy Contact Preference' is selected:System will check if there is an entry on the Pharmacy Contact Preference BMT for either fax or email (DSK, OSE) If no, system should disable the """"generate"""" letter button and needs to prompt the user to contact the pharmacy similar to US8255396: DSK, OSE: NY Restrictions Fax Notice | Rally""""Due to State Law the pharmacy must be contacted to verify preferred method of delivery for audit letters. Please confirm and update the contact preference by clicking Edit.""""(PVR-no pharm contact screen all letters are automatically sent)Initial and Reminder letter If no, system should move the audit directly to the corr failed status (NO LETTER should even attempt to send)when the user is in the corr failed screen it should disable the """"generate"""" letter button and needs to prompt the user to contact the pharmacy for an EMAILwhen a user used bulk letter generation it should not generate letters for these specific cases and give the below message with the case ID similar to US8255396: DSK, OSE: NY Restrictions Fax Notice | Rallymessage to user """"Due to State Law the pharmacy must be contacted to verify preferred method of delivery for audit letters. Please confirm and update the contact preference by clicking Edit.""""Result letter If no, system should not generate a letter and if the user clicks """"submit"""" button it will prompt the user to contact the pharmacy for an EMAILwhen a user used bulk letter generation it should not generate letters for these specific cases and give the below message with the case ID similar to US8255396: DSK, OSE: NY Restrictions Fax Notice | Rally""""Due to State Law the pharmacy must be contacted to verify preferred method of delivery for audit letters. Please confirm and update the contact preference by clicking Edit.""""","11/26 DS US9611828 - needs to be worked first in order for scenarios to pass- move back to backlog for now- plus split PVR off as that will be on hold in 2026 6/4 DS to confirm about pending consol6/6 MM: left Task w/questions for Dana based on discussion with Ravi TA27584817: Question | Rally6/16 DS per call this story needs to be split. My suggestion is to split the inclusion to have all corp groups account for fax consolidation and if needed another split of  """"EMAILand FAX"""" scenario all together 7/11 MM: per conversation on standup today, this functionality will also apply to the Post Final Findings / No Findings letters being created for Desk & Onsite. These stories are not yet being worked, however we need to ensure that the functionality being worked in this US are tested when the Post Final Findings/No Findings stories are being developed. I've linked the user stories through the dependency tab and will leave notes in those User Stories as well for tracking. US7922393: DSK: Ability to send Post Final Findings & Post Final No Findings - post final letters | Rally || US8372054: OSE: Ability to Send Post Final Findings and Post Final No Findings - Post Final Letters | Rally@Dana Sanchez  & @Uriti Ravindrababu7/17 KP: This US will be on hold due to TA28209349 (high priority PVR task).8/15 MM: @Uriti Ravindrababu the UAT environments are unable to send letters of any kind (fax or email) for any pharmacy state. We've been working in UAT Desk, Onsite, and Investigations - we are unable to preview or generate any letters. Clicking the 'Request' letter button does nothing - the Preview/Generate buttons do not become active/enabled. We've tried audits that have pharmacy States not on the BMT & on the BMT but cannot get letters to generate. Please assist ASAP",,,,
US8576990,"DSK: Federal, UHG, and State Holiday Communication Restriction BMT (BMT New Functionality)",,Dana Sanchez,Team: Pega Prefects,Accepted,4/24/2025,"Federal and UHG, [and State] Holiday Communication Restriction BMT  If a pharmacy state does NOT match the state listed in the BMT then existing logic stays the same If a pharmacy state does match the state listed in the BMT but current date does NOT match either federal or state holiday column then existing logic stays the same If a pharmacy state does match the state listed in the BMT and current date matches either federal or state holiday column then the logic of how sending communications, issuing findings, or contacting the provider needs to be updated to below scenarios: (state can be on multiple rows because states can have more than one holiday applied to them)DSKStatus is noinitialresponse and Prelim No response screenwhen no initial response prompts phone outreach (when sent via fax) then it should display this message """"Due to state law, no communication to the pharmacy is allowed on [insert holiday date mm/dd/yy]""""System will display message on the no inital response pharm contact screen too  """"Due to state law, no communication to the pharmacy is allowed on [insert holiday date mm/dd/yy]"""" and disable request buttonStatus is in any pharm contact screens and all corr failed screensStatusInit Pharm Contact NoInitialResponseInit- Corr failed Prelim Pharm ContactPrelim - No ResponsePrelim - Corr failed Final Pharm ContactFinal - Corr failed Post Final Pharm Contact Post Final - Corr failed System will disable 'request' button and disable manually move forward check boxmessage to user """"Due to state law, no communication to the pharmacy is allowed on [insert holiday date mm/dd/yy]]""""Once the holiday passes this message should automatically remove and enable buttons again    "," Input needed: Regulatory Mandate Alert: NY Title 11 NYCRR Parts 450, 452, 454, 456-9Requirement : (1) conduct such audit on federal or state holidays unless requested or consented to by the pharmacy;Need to create a user story with logic built that will prevent users from sending communications, issuing findings, or contacting the provider on State and Federal holidays.10/27/2025 ST: @Dana Sanchez Could you please specify the columns required for this BMT, along with the mandatory fields? 10/27 DS BMT updates were already complete per US8641253: DSK, OSE, PVR: Federal and UHG Holiday BMT (Modification) (S.15)I reviewed the acceptance criteria but didn’t find any mention of required fields.10/30 DS dicussed while testing that a state will be on more than one line of the BMT - logic needs to be updated    ",,,,
US8641253,"DSK, OSE, PVR: Federal and UHG Holiday BMT (Modification) (S.15)",,Dana Sanchez,Team: Pega Prefects,Accepted,5/8/2025,"Update for DSK to Manager role to be have access (currently only OSE and PVR)BMT should only be visible/accessible in the standard Desk, Onsite, and PVR audit flows. It should not be seen in any other workflowBMT Columns ADD:State Holiday datePharmacy State  free text with the ability to separate states out with a comma Valid states only allowed (see below) if State Holiday date is populated then Pharmacy State is a required field. AL - Alabama  AK - Alaska  AZ - Arizona  AR - Arkansas  CA - California  CO - Colorado  CT - Connecticut  DE - Delaware  FL - Florida  GA - Georgia  HI - Hawaii  ID - Idaho  IL - Illinois  IN - Indiana  IA - Iowa  KS - Kansas  KY - Kentucky  LA - Louisiana  ME - Maine  MD - Maryland  MA - Massachusetts  MI - Michigan  MN - Minnesota  MS - Mississippi  MO - Missouri  MT - Montana  NE - Nebraska  NV - Nevada  NH - New Hampshire  NJ - New Jersey  NM - New Mexico  NY - New York  NC - North Carolina  ND - North Dakota  OH - Ohio  OK - Oklahoma  OR - Oregon  PA - Pennsylvania  RI - Rhode Island  SC - South Carolina  SD - South Dakota  TN - Tennessee  TX - Texas  UT - Utah  VT - Vermont  VA - Virginia  WA - Washington  WV - West Virginia  WI - Wisconsin  WY - Wyoming ","8/4 complete but will not tag until BMT functionality stories are complete within the feature  Input needed: Regulatory Mandate Alert: NY Title 11 NYCRR Parts 450, 452, 454, 456-9Requirement : (1) conduct such audit on federal or state holidays unless requested or consented to by the pharmacy;Need to create a user story with logic built that will prevent users from sending communications, issuing findings, or contacting the provider on State and Federal holidays.   ",,,,
US8569764,"DSK, OSE, PVR: State Pharmacy Correspondence Requirements BMT (BMT Creation)",,Dana Sanchez,Team: Pega Prefects,Accepted,4/23/2025,"'@Dana Sanchez  updated AC based on convo in 4/24 standupDoes not need to be apart of BMT lock PASSEDBMT should only be accessible by those with a Manager role in the standard Desk, Onsite, or PVR flowsPASSEDBMT should only be visible/accessible in the standard Desk, Onsite, and PVR audit flows. It should not be seen in any other workflowPASSEDBMT should be defaulted to sort by Sequence ID (smallest to largest)PASSED BMT Columns:Sequence IDPASSEDUnique number assigned to each entryPharmacy State [required]PASSEDdrop down with all state options free text that validates against the keys in the taskRequired Method of Contact dropdown [required]PASSEDEmail FaxEmail and FaxPharmacy Contact PreferenceAudit Flow [required]PASSEDdrop down with all combination options for DSK, OSE, PVRNotePASSEDfree text with max character limit of 1500System will capture the user and date/time stamp of all BMT changes:Create dateCreated By (user)Update date Update By (user)Validations (not a column)PASSEDdo not allow duplicate entries for the same state for same audit flow selectionsPharmacy State + Audit Flow = unique recordEntries not containing required fields should not be saved to the BMT and should display an error message Missing fields indicated with red *All functions similar to other BMTs :Search box should be available as free text field and return any records from BMT with matching criteriaPASSEDUser can manually add new records to the BMT by clicking on '+ Add Record' button PASSEDUser can manually update and delete existing records in the BMTPASSEDUpdates can be done by clicking into/on any of the fields for the record and either selecting a new option via dropdown or updating free textDeletions should be done via delete button / trashcan iconUser can perform batch addition of new records to the BMTPASSEDLeverage the standard Import functionality that prompts users to select a file for uploadUser will have the option in dropdown to 'Add Only' records or 'Add/Update' recordsValidations listed above should be checked when importing recordsUser can perform batch updates and deletions of existing records in the BMTPASSEDLeverage the standard Import functionality that prompts users to select a file for uploadUser will have option in dropdown to 'Add/Update' or 'Delete'Validations listed above in #7 should be checked when importing records for Add/UpdateWhen user selects 'Delete' the records should only be deleted when Sequence ID in file matches Sequence ID in BMTUser can filter and sort all columns in the BMTPASSEDUser can export the entire BMT into an csv file PASSEDAll records currently displayed in BMT view should be included in exportAll columns from BMT should be included in BMTSystem will display an alert and require a user to acknowledge all manual and batch deletions of existing records in the BMTPASSEDIf user does not approve the manual deletion by clicking 'OK', deletion does not occur. If user does approve the manual deletion by clicking 'OK' deletion will occur.When completing deletions via batch process, pop-ups should follow standard process to ensure user is aware of deletion  ","4/24 MM: story groomed w/IT, updated Acceptance Criteria based on questions @Dana Sanchez team would like more background/understanding on Acceptance Criteria #3.d (why do we have Pharm Contact Pref as a dropdown vs. just using the PCP without creating that entry?)4/27 DS @Madison Martin and Team--there are some state laws (like NY) that require a user to reach out to the pharmacy to obtain their preferred contact. (just like the ny story we completed where we hardcoded this in but we need this on this BMT to be able to handle any more states that may want this function down the line). If we don't account for pharmacy contact field then the system will just auto default to sending the fax in rxlcaim but state law is saying we required to get the pharmacies preferred contact so they must be list on the PCP BMT.",,,,
US9534250,OSE: State Pharmacy Correspondence Requirements BMT (BMT Functionality) (S.12),,Dana Sanchez,Team: Pega Prefects,Accepted,11/7/2025,"If a pharmacy state is NOT listed on the state pharmacy correspondence BMT then existing logic stays the same If a pharmacy state is listed but the audit flow is NOT listed in the state pharmacy correspondence BMT then existing logic stays the same  If a pharmacy state is listed and the audit flow is listed in the state pharmacy correspondence BMT then the logic of how a letter is sent need to be updated to below scenarios: Within the 'Required Method of Contact ' field there are different functions that will need to take place: If 'Email' is selected:System will check if there is an email on the Pharmacy Contact Preference BMTIf yes, letter should be sent to that email (DSK, OSE) If no, system should disable the """"generate"""" letter button and needs to prompt the user to contact the pharmacy for an EMAILsimilar to US8255396: DSK, OSE: NY Restrictions Fax Notice | Rallymessage to user """"Due to State Law the letter must be sent via EMAIL. Pharmacy must be contacted to verify preferred EMAIL ONLY to send audit letters. Please confirm and update the contact preference by clicking Edit."""" (PVR-no pharm contact screen all letters are automatically sent) Initial and Reminder letter If no, system should move the audit directly to the corr failed status (NO LETTER should even attempt to send)when the user is in the corr failed screen it should disable the """"generate"""" letter button and needs to prompt the user to contact the pharmacy for an EMAILwhen a user used bulk letter generation it should not generate letters for these specific cases and give the below message with the case ID similar to US8255396: DSK, OSE: NY Restrictions Fax Notice | Rallymessage to user """"Due to State Law the letter must be sent via EMAIL. Pharmacy must be contacted to verify preferred EMAIL ONLY to send audit letters. Please confirm and update the contact preference by clicking Edit.""""Result letter If no, system should not generate a letter and if the user clicks """"submit"""" button it will prompt the user to contact the pharmacy for an EMAILwhen a user used bulk letter generation it should not generate letters for these specific cases and give the below message with the case ID similar to US8255396: DSK, OSE: NY Restrictions Fax Notice | Rallymessage to user """"Due to State Law the letter must be sent via EMAIL. Pharmacy must be contacted to verify preferred EMAIL ONLY to send audit letters. Please confirm and contact your leadership to update the contact preference. """" If 'Fax' is selected:Existing logic will remain:System will check if there is a fax on the Pharmacy Contact Preference BMTIf yes, letter should be sent to that fax If no, letter will be sent to the default fax number in rxclaim on record NEW Logic:if the case is apart of a corp group all the faxes for the corp group will consolidate (like email does today) If 'Email and Fax' is selected:System will check if there is an email or fax on the Pharmacy Contact Preference BMTcase is NCPDP no chain code: if only email is listed in the PCP BMT-- system should use that email and in additional retrieve the fax using the existing logic of the default fax number in rxclaimcase is NCPDP no chain code: if only fax is listed in the PCP BMT-- system should use that fax and follow steps below:system should use that fax listed in the PCP BMTsystem should disable the """"generate"""" letter button and needs to prompt the user to contact the pharmacy for an EMAILsystem will update the Edit button to display both fields email and fax as required to update the pcp bmt (note if a chain code this edit button will never show up)message to user """"Due to State Law the letter must be sent via EMAIL and FAX. Pharmacy must be contacted to verify preferred EMAIL and FAX to send audit letters. Please confirm and contact your leadership to update the contact preference.""""(DSK, OSE)case is NCPDP with a chain code: first search for NCPDP on the PCP if NCPDP is on there use that entry only (do not look at chain code entry)- then follow below steps of (abcd) if either fax or email entry is nullif no entry for NCPDP level is there then search for chain code entry on the PCP BMT and use chain code level entry -- - then follow below steps of (abcd) if either fax or email entry is nullIf there is no entry for neither NCPDP or chain code on the PCP BMT then follow below steps of (abcd): system should disable the """"generate"""" letter button and needs to prompt the user to contact the pharmacy for an EMAIL or FAXsystem will update the Edit button to display both fields email and fax as required to update the pcp bmt (note if a chain code this edit button will never show up)message to user """"Due to State Law the letter must be sent via EMAIL and FAX. Pharmacy must be contacted to verify preferred EMAIL and FAX to send audit letters. Please confirm and contact your leadership to update the contact preference.""""(PVR) case is NCPDP a chain code: if only email is listed in the PCP BMT-- system should use that email and the user should be prompted to reach out for a corp fax to add to the PCP BMT OR if only fax is listed in the PCP BMT or if not in the PCP BMT at allInitial and Reminder letterSystem should move the audit directly to the corr failed status (NO LETTER should even attempt to send)when the user is in the corr failed screen it should disable the """"send"""" letter button when in the audit is in init letter review status the check box to update the pharmacy information should be disabled with a message """"message to user """"Due to State Law the letter must be sent via EMAIL and FAX. Pharmacy must be contacted to verify preferred EMAIL and FAX to send audit letters. Please confirm and contact your leadership to update the contact preference.""""when a user used bulk letter generation it should not generate letters for these specific cases and give the below message with the case ID similar to US8255396: DSK, OSE: NY Restrictions Fax Notice | Rallymessage to user """"Due to State Law the letter must be sent via EMAIL and FAX. Pharmacy must be contacted to verify preferred EMAIL and FAX to send audit letters. Please confirm and contact your leadership to update the contact preference.""""Result letterSystem should not generate a letter and if the user clicks """"submit"""" button it will prompt the user to contact the pharmacy for an EMAILwhen a user used bulk letter generation it should not generate letters for these specific cases and give the below message with the case ID similar to US8255396: DSK, OSE: NY Restrictions Fax Notice | Rallymessage to user """"Due to State Law the letter must be sent via EMAIL and FAX. Pharmacy must be contacted to verify preferred EMAIL to send audit letters. Please confirm and contact your leadership to update the contact preference.""""If pharmacy is part of a chain affiliation that is on the BMT called No PVR Results Letter, this should follow the current logic where a results letter will not generate.  (This should apply to results letters whether email only/ fax only/ fax & email are indicated.  After the above scenario is completed, the letter needs to send both methods of communication (EMAIL AND FAX)Corr TableAdding two columns """"fax status"""" and """"fax fulfillment"""" only when it is sent """"EMAIL/FAX""""if it is not this scarnio the corr table should look the sameStatus (added in pending consol scenarios)If the case is apart of a consolidation group then status will move to pending consolNEW logic:Faxes will send at the same time as the consol emailIf the case is not apart of a consolidation group then the status will move to pending fax If both methods of communication were successful then it will move to the next status per existing logic """"waiting for response""""If email failed and fax was successful then status needs to move to correct """"corr failed"""" If fax failed and email was successful then status needs to move to correct """"corr failed"""" should see email in Corr Sent ItemsIf email failed and fax failed then status needs to move to correct """"corr failed"""" When resending the letter it should only resend the method that failed  If 'Pharmacy Contact Preference' is selected:System will check if there is an entry on the Pharmacy Contact Preference BMT for either fax or email (DSK, OSE) If no, system should disable the """"generate"""" letter button and needs to prompt the user to contact the pharmacy similar to US8255396: DSK, OSE: NY Restrictions Fax Notice | Rally""""Due to State Law the pharmacy must be contacted to verify preferred method of delivery for audit letters. Please confirm and update the contact preference by clicking Edit.""""(PVR-no pharm contact screen all letters are automatically sent)Initial and Reminder letter If no, system should move the audit directly to the corr failed status (NO LETTER should even attempt to send)when the user is in the corr failed screen it should disable the """"generate"""" letter button and needs to prompt the user to contact the pharmacy for an EMAILwhen a user used bulk letter generation it should not generate letters for these specific cases and give the below message with the case ID similar to US8255396: DSK, OSE: NY Restrictions Fax Notice | Rallymessage to user """"Due to State Law the pharmacy must be contacted to verify preferred method of delivery for audit letters. Please confirm and update the contact preference by clicking Edit.""""Result letter If no, system should not generate a letter and if the user clicks """"submit"""" button it will prompt the user to contact the pharmacy for an EMAILwhen a user used bulk letter generation it should not generate letters for these specific cases and give the below message with the case ID similar to US8255396: DSK, OSE: NY Restrictions Fax Notice | Rally""""Due to State Law the pharmacy must be contacted to verify preferred method of delivery for audit letters. Please confirm and update the contact preference by clicking Edit.""""","6/4 DS to confirm about pending consol6/6 MM: left Task w/questions for Dana based on discussion with Ravi TA27584817: Question | Rally6/16 DS per call this story needs to be split. My suggestion is to split the inclusion to have all corp groups account for fax consolidation and if needed another split of  """"EMAILand FAX"""" scenario all together 7/11 MM: per conversation on standup today, this functionality will also apply to the Post Final Findings / No Findings letters being created for Desk & Onsite. These stories are not yet being worked, however we need to ensure that the functionality being worked in this US are tested when the Post Final Findings/No Findings stories are being developed. I've linked the user stories through the dependency tab and will leave notes in those User Stories as well for tracking. US7922393: DSK: Ability to send Post Final Findings & Post Final No Findings - post final letters | Rally || US8372054: OSE: Ability to Send Post Final Findings and Post Final No Findings - Post Final Letters | Rally@Dana Sanchez  & @Uriti Ravindrababu7/17 KP: This US will be on hold due to TA28209349 (high priority PVR task).8/15 MM: @Uriti Ravindrababu the UAT environments are unable to send letters of any kind (fax or email) for any pharmacy state. We've been working in UAT Desk, Onsite, and Investigations - we are unable to preview or generate any letters. Clicking the 'Request' letter button does nothing - the Preview/Generate buttons do not become active/enabled. We've tried audits that have pharmacy States not on the BMT & on the BMT but cannot get letters to generate. Please assist ASAP 11/7 MM: Per conversation in PEGA standups & confirmation from Dana/Michele this was split from original story US8569781 to allow for OSE code deployment. Accepting this story ",,,,
US7802646,"DSK, OSE, INV, PVR, INM, TNM, ALL: Regional Audit Block BMT and Logic (S.22)",,Lisa Regalado,Team: Pega Prefects,Accepted,10/22/2024,"Acceptance criteria: Title the BMT """"Regional Audit Block BMT”Fields to be included in the BMT and associated validations:State – 2-digit alpha entry onlyZip Code – 5-digit numeric entry only, MUST be exactly 5 digitsAudit Flow – Drop-down menu with the following optionsDSKOSEINVPVRINMTNMALL (would apply to all on the list)User must enter either state or zip or both. State and zip cannot both be blank. Use must select at least one audit flow valueUser can select multiple audit flow valuesNew US for regional audit block BMT functionalityAcceptance criteria:If only state is populated in the BMT, then the block is for all pharmacy where PHY State = the state in the BMTIf only zip code is populated, then the block is for any pharmacy that has PHY Zip matching the entry in the BMTIf state and zip code are populated, then the block is for any pharmacy that has PHY state AND PHY Zip matching the entries (must match the combination)ML - no cases selected for ML modelsETL – no data should be loaded for new cases or new audits that match the criteria, including manual case creationIncremental jobs should continue for cases that are already in PARPPEGA - no audit letters may be sent (all stages)audits can be worked in the system, including QC reviews, but no audit notices or audit finding letters can be sent until entry is removed from audit block BMTIf user attempts to request a letter, the system will display an error message """"No letter can be sent at this time due to regional audit block"""" Positive Scenarios:Scenario 1: Create BMT with valid State - PASSGiven I am on the BMT creation pageWhen I enter a valid 2-digit alpha state code And I leave the Zip Code field emptyAnd I select an Audit Flow option """"DSK"""" from the drop-down menuThen the BMT titled """"BMT Regional Audit Block BMT"""" should be created successfullyAnd the block should apply to only the Standard Desk audit flow for all pharmacies where PHY State matches the state entered in the BMT Scenario 2: Create BMT with valid Zip Code - PASSGiven I am on the BMT creation pageWhen I enter a valid 5-digit numeric zip codeAnd I select an Audit Flow option """"ALL"""" from the drop-down menuThen the BMT titled """"BMT Regional Audit Block BMT"""" should be created successfullyAnd the block should apply to ALL audit flow (DSK, OSE, INV, PVR, INM, TNM) for any pharmacy that has PHY Zip = to the entry in the BMT Scenario 2: Create BMT with valid State and Zip CodeGiven I am on the BMT creation pageWhen I enter a valid 2-digit alpha state code """"NY""""And I enter a valid 5-digit numeric zip code """"10001""""And I select an Audit Flow option """"OSE"""" from the drop-down menuThen the BMT titled """"BMT Regional Audit Block BMT"""" should be created successfullyAnd the block should apply only to the Onsite audit flow for any pharmacy that has PHY State = """"NY"""" and PHY Zip = """"10001"""" Scenario 3: Create BMT with Audit Flow """"ALL"""" - PASSGiven I am on the BMT creation pageWhen I enter a valid 2-digit alpha state code And I select the Audit Flow option """"ALL"""" from the drop-down menuThen the BMT titled """"BMT Regional Audit Block BMT"""" should be created successfullyAnd the block should apply to all audit flows (DSK, OSE, INV, PVR, INM, TNM) for any pharmacy that matches the state in the BMT Scenario 6: PEGA - No audit letters sent (Applies only to DSK, OSE, INV, INM, TNM)- PASSGiven a BMT entry is created with a valid state or zip code When an audit was initiated before the block was added to the BMTThen those audits can be worked in the system, including QC reviews, but no audit notices or audit finding letters can be sentAnd an error message will display when user clicks """"Request Letter"""" that states """"No letter can be sent at this time due to regional audit block"""" Scenario 7: PEGA -  BMT updated after PVR request letter sent (Applies only to PVR) - PASSGiven a BMT is created with a valid state or zip code When a PVR was initiated before the block was added to the BMTThen those PVRs can be worked in the system as usual Negative Scenarios:Scenario 8: Invalid State entry - PASSGiven I am on the BMT creation pageWhen I enter an invalid state code """"CALI""""Then an error message should be displayed indicating """"State must be a 2-digit alpha entry"""" Scenario 9: Invalid Zip Code entry -PASSGiven I am on the BMT creation pageWhen I enter an invalid zip code """"4502""""Then an error message should be displayed indicating """"Zip Code must be exactly 5 digits"""" Scenario 10: Invalid Audit Flow selection -PASSGiven I am on the BMT creation pageWhen I enter a valid 2-digit alpha state code """"NY""""And I do not select any Audit Flow option from the drop-down menuThen an error message should be displayed indicating """"Audit Flow must be selected"""" ","Q42024 - Confirmed for Sprint 2210/22/24 CH: @Lisa Regalado email sent to review and confirm scenarios. Please review and let me know if any updates are needed. Thanks.10/23/24 Ravi @Christin Horton @Lisa Regalado as per the logic if any criteria met from BMT we should block the letter generation, but should we allow the user to move the case to next status or should the audit blocked. LMR: @Uriti Ravindrababu yes, the case can move to next status if that next step does not require a letter to be sent. For example, if an audit is in waiting for response, and response is received, it can move forward to that next status. 2) case is in DC/OC and audit was not initiated and there is a record that matches from BMT, should we allow the user to initiate audit or we should block it. LMR: @Uriti Ravindrababu it should be blocked from initiation as that would require a letter to be sent, and per acceptance criteria, that should not be allowed3) for PVR letter generation happens in case creation job( no manual letter generation for initial and reminder) if any criteria applies from BMT should we skip the audit initiation or will allow audit initiation and will block the letter from sending through job LMR: @Uriti Ravindrababu I would think that the audit should not be initiated, but I would defer to @Ashlee Guillermo or @Jennifer Salazar on this question. JS 10/23 I agree we would not want the audit to be initiated if the pharmacy meets the criteria on the BMT10/30/24 CH: @Lisa Regalado this is ready for UAT p/Ravi. Do you need support w/testing? Thanks.30 October LMR @Uriti Ravindrababu I have tested the BMT creation and various validations, see attached file """"US7802646 UAT"""". The only thing I found that did not pass was: User can select multiple audit flow values. I am only able to select one item form the drop down. @Christin Horton Can A-Team support the PEGA functionality testing? @Lisa Regalado yes. @Jazmin Aceves  can you review and take lead please - UAT support will be needed for the functionality testing (the other user stories) log this in our intake. We have some time just heads up.  Thank you!11/04/24 CH: @Lisa Regalado after discussing on the scrum call, an alterative for having the multi-select for the audit flows would be to group them, similar to what we have in the hot key discrepancy codes. See the screenshot below. Will this work? If so, just need all of the options for each grouping. @Uriti Ravindrababu, FYI. 4 Nov LMR: @Uriti Ravindrababu  @Christin Horton  Yes, that approach is fine. I would propose the groupings below:DSK/OSEDSK/INVINM/TNMDSK/OSE/PVROSE/PVRDSK/OSE/INVDSK/OSE/INV/PVRDSK/OSE/INV/TNM/INM11/04/24 CH: @Lisa Regalado great, thank you Lisa!11/5/24 Ravi: @Lisa Regalado @Christin Horton updated audit type dropdown and moved to UAT please validate11/5/24 CH: @Uriti Ravindrababu were you able to lock the header on the BMT so the column titles can be seen as you add new entries? Or, can the '+ Add Record' be added at the top instead of the bottom? If not, this is okay, I don't want this to be a blocker but thought I'd ask. When updating from the UI it is better for the users to see the columns when adding information. @Lisa Regalado I checked all flows and see the drop downs. If you're good, this can be accepted. Thank you!5 Nov LMR: @Christin Horton @Jazmin Aceves has the UAT for the PEGA functionality been completed? That will need to be validated prior to accepting this US. @Lisa Regalado ah, that's right. Not yet. Thanks for the reminder! @Sulav Khadka they are walking through the demo now. Once complete Ravi will push this to UAT and you can test. Thank you. 11/05/2024 SK: Will test the functionality. Will let @Uriti Ravindrababu  if need any assistance. 11/5/24 Ravi: @Christin Horton code is moved to UAT, please validate. while testing please test all the pharm contact and corr failed screens, audit initiation( DC to dsk/tnm/inm , OC to oa) and bulk initiation for all the flows, bulk assignment and its specific to onsite only, for INM in adj-final pharm contact screen this logic will not be applicable because on this particular screen we are only generating the letter and not sending it to pharmacy.11/06/24 SK: Starting testing and will keep updating. 11/12/24 SK: @Christin Horton @Lisa Regalado @Kunjan Panchal Completed Testing and uploaded Testing document for all flows except the PVR as I was not able to add/update Regional Audit Block BMT.  Please review the UAT document and Please let me know if anything else to test on. Thank You.@Uriti Ravindrababu When trying to add, i got below error in the PVR. 11/12/24 CH: Thanks, Sulav! Please advise Ravi if there are any failures. Also, can you update the testing document with the screenshots of the notes in the scenario that a pharmacy is on the block list if Onsite attempt to assign they'll get a notification in PARP? See Ravi's note on 11/5 up top. Thanks!11/13/24 SK: PVR issue is fixed and now can be edited. Updated the UAT test document. ",,,,
US7877660,"DSK, OSE, INV, PVR, INM, TNM, ALL: Regional Block BMT - ETL [Complete by 11/19 - Manual]",,Lisa Regalado,Team: Power Rangers,Accepted,11/12/2024,"If only state is populated in the BMT, then the block is for all pharmacy where PHY State = the state in the BMTIf only zip code is populated in the BMT, then the block is for all pharmacy where PHY Zip = the zip in the BMTIf state and zip code are populated, then the block is for any pharmacy that has PHY state AND PHY Zip matching the entries (must match the combination)ETL – no new cases or new audits should be created that match the criteria, including manual case creationIncremental jobs should continue for cases that are already in PARP Scenario 1: ETL - No data loaded for new cases or auditsGiven a BMT is created with a valid state or zip code for a specified audit typeAnd a pharmacy matching the state or zip code and audit type in the BMT is sent by ML or entered in the MCC BMTNo new case or audit is createdAnd no data should be loaded for new cases or new audits Scenario 2:Given a BMT is created with a valid state or zip code for a specified audit typeAnd a pharmacy matching the state or zip code and audit type in the BMT has an existing audit or case in PARPThen incremental jobs should continue for audits and cases already in PARP  ","Q42024 - Confirmed for Sprint 2210/22/24 CH: @Lisa Regalado FYI, please review the acceptance criteria. If changes are needed please let me know. @Dubey, Sudhanshu @Kunjan Panchal added this to current sprint (22) please advise if there are any issues/concerns. Thanks. @Lisa Regalado  @Kunjan Panchal  can you please update the story with the correct conditions to check. As per our discussion below will be only two condition to check 1. If only state is populated in the BMT, then the block is for all pharmacy where PHY State = the state in the BMT2. If only zip populated in the BMT, then the block is for all pharmacy where PHY zip = zip in the BMT 29 Oct LMR: @Kamal Sharma updated acceptance criteria to be more clear. Please let me know if there are additional questions.11/5/24 CH: @Sudhansu Dash regarding the data needed for testing, can you advise specifically what is needed please? Referring to the email chain asking for support in updating the BMTs. Are you needing us to identify the pharmacies that would be associated w/the zip code and or state blocks for testing? Or, are you wanting us to update the Regional Audit BMT w/the exclusions. The ask for PVR in the email is unclear. @Jennifer Salazar @Christine Nguyen @Kunjan Panchal, @Sulav Khadka FYI. ",,,,
US6337865,PVR: QC Error report - Ability to capture any QC error removed from the report (S.01),,Christine Nguyen,Team: Pega Prefects,Accepted,10/13/2023,"Acceptance Criteria:Add a  """"free text"""" Comment column after the status box on the QC Error View. This will be a required field when an error is removed 2/6 CN: PASS 2. The following columns will be included on the QC Error Report (on the far right after QCReviewerName) 1/17 CN - unable to test see notes section 2/6 CN: PASSError Removed Date - when the error was removedError(s) Removed - Which error(s) were removedRemoved by - Who removed the error (capture MSID)Comment - Required free text that were entered by the """"Removed by""""3. Change """"Auditor Pharmacy Paid Amount"""" to """"Auditor - ValidatedPaidAmount"""" on the QC Error Report 2/4 CN -PASS4. Change """"QC Reviewer - PharmacyAdjusted Amount"""" to """"QC Reviewer - QC PreliminaryValidatedPharmacyAmount"""" on the QC Error Report 1/17 CN - PASSScenario 1:Given the error was identified on the QC Error ReportWhen a PVR leader remove the error from the User's QC Error ViewThen the comment field is required to be complete and enter as free text. (Question: is there a character limit in this box?) Scenario 2: Given the error was removed from the QC Error ViewWhen the report is generatedThen 4 additional columns need to be include at the end of the report to capture the update:Error Removed Date - when the error was removedError(s) Removed - Which error(s) were removedRemoved by - Who removed the error (capture MSID)Comment - Required free text that were entered by the """"Removed by""""","Targeted for Sprint 25Acceptance Criteria:Add a  """"free text"""" Comment column after the status box on the QC Error View. This will be a required field when an error is removed 1/17 CN: I don't see the """"Update"""" button to click after selecting the error type to remove in UAT.  What is the blank box after Error Type for? Is it possible to make the width of some of the other columns (i.e. Source Environment ID, SourceEnvironmentName, all QTY and DS, and both Amount) smaller and expand  the Comments and Error Type columns?Can we add a new Acceptance Criteria: Need to remove Auditor ClientAdjustedAMount and QC Reviewer ClientAdjustedAmount columns from QC Error View and QC Review Export 1/25 CN: PASS2/6 CN; The info for Error removed date, Error(s) removed, Removed by and Comment are not populated on the extracted report after the error was removed. ",,,,
US6337871,PVR: QC Aging Report - Exclude Weekends & UHG Holidays,,Christine Nguyen,Team: Pega Prefects,Accepted,10/13/2023,Acceptance Criteria:QC Aging time will exclude UHG Holiday Date on the Federal Holidays BMTQC Aging time will exclude all weekends (Saturday and Sunday)1/17/24 aguill3:  QC age column will have unit of time in parentheses.  For example QC Age (hours).Scenario 1: Given the system calculate the QC Aging timeWhen the QC Aging time calculate from the time the case moves to Ready for QC until it moves to Results Pharm ContactThen the system will exclude the UHG Holidays on the Federal Holidays BMT Scenario 2: Given the system calculate the QC Aging timeWhen the QC Aging time calculate from the time the case moves to Ready for QC until it moves to Results Pharm ContactThen the system will exclude all weekends – Saturday and Sunday  Scenario 3:Given the QC Aging ReportWhen the report is accessed/displayedThen the QC Age column will display QC Age (hours) ,"Targeted for Sprint 26 1/17/2024 aguill3:   @Uriti Ravindrababu updated US to update the column called """"QC Age"""" to """"QC Age (hours)""""",,,,
US7169591,"DSK, OSE, PVR: Change to State Restriction Discrepancy Code BMT (Refer to US6758380)",,Jennifer Salazar,Team: Pega Prefects,Accepted,5/22/2024,"ScenariosFor each claim in a case, we need to check for 7 criteria pharmacy state, carrier, discrepancy code, audit type pharmacy state, discrepancy code, audit type carrier, discrepancy code, audit type pharmacy state, carrier, discrepancy code, audit type, NCPDP ID pharmacy state, discrepancy code, audit type, NCPDP ID carrier, discrepancy code, audit type, NCPDP ID discrepancy code, audit type, NCPDP IDIf any of the above criteria is met, then check if Ignore for Medicare Part D is Yes or No. If contract ID is not blank, “-“, or null, the claim is a Medicare Part D claim. If it is YES and the claim has a contract ID that is not blank, “-“, null, exit the criteria. The logic ends here and the message will not display to the user.   If it is NO or the contract ID check fails (where contract ID is blank,""""-"""", or null), then continue to the Only for Unbreakable Package field.  Check if Only for unbreakable Package is Yes or No. If DRG_UNIT_DOSE_USE_IND = U, then the product is considered unbreakable.   If it is YES, the claim’s submitted drug product has DRG_UNIT_DOSE_USE_IND = U, check for Allow Education and if it is set to Yes or No.If it is NO and the drug product is NOT DRG_UNIT_DOSE_USE_IND = U, exit the criteria. The logic ends here and the message will not display to the user.  Check if Allow Educational is Yes or No. If it is YES, then the overpayment amount will default to 0 and restrict user to update the overpayment (e.g., overpayment field is not editable) amount, unless there is another discrepancy code that is not coded to restrict overpayment to zero.  Message will display to the user.If it is NO, then the overpayment amount will not be defaulted to 0 and the user can update the overpayment value (e.g., field is editable). However, the user will need to update or remove the discrepancy since the finding cannot be issued. Message will display to the user.","5/30/24 JS: @Uriti Ravindrababu I am noticing some issues with the Ignore Medicare Part D criteria. When Ignore Medicare Part D is yes and the Carrier is Part D, the it should exit the logic but it is not. I am seeing the message displayed even though the restriction does not apply to Part D carriers. please see attached for a few examples (PVR-0424-1301). @Allison Wade  and @Michele Misiak for awareness. 5/31/24 Ravi: @Jennifer Salazar fixed and moved to UAT please validate5/31/24 JS: @Uriti Ravindrababu I did more testing almost everything passed. Please see test cases 23 and 24 which di not pass and I'm not sure why. @Allison Wade and @Michele Misiak for awareness5/31/24 Ravi: @Jennifer Salazar for 24, 25 records NCPDP is not correct  for PVR-0224-1154 NCPD is 0202262 but in BMT it is updated as 2802684 could you please update and retest 5/31/24 JS: @Uriti Ravindrababu when I tested 24 and 25 I had the correct NCPDP in the BMT. I went back and did the testing for rows 18-21 after I did rows 24 and 25. However, I retested and it passed this time. I mave marked UAT as complete for PVR",,,,
US6681063,PVR: Enhancement to Chain PVR Counts Report,,Jennifer Salazar,Team: Pega Prefects,Accepted,1/24/2024,"System to produce a report of the number of claims initiated per day by Affiliation Code for NCPDPs with affiliation codes that match [Affiliation Code] values in the chain audit limits BMT QuestionFor each claim the affiliation code needs to be mapped to the Affiliation Code PassThe Affiliation code needs to be mapped to the Group NameThe report will have a drop down with the Months of the year, user can select the month they want to view PassThe report will display the Group Name PassThe report will display the month and year that was selected in the filter PassUser can export the report of current tallies into an Excel file Pass Scenario 1: ReportGiven PVRs have been initiated for NCPDPs with affiliation codes that match [Affiliation Code] values in the chain audit limits BMTWhen the user executes the reporting functionThen the system will produce a report showing the number of claims initiated per day by Affiliation Code for NCPDPs with affiliation codes that match [Affiliation Code] values in the chain audit limits BMT Scenario 2: FilterGiven a user selects a month and year in the filterWhen the user hits submitThen the number of claims initiated for the affiliation code will be displayed Scenario #3: Display month and year currently selectedGiven a user selects a month and year in the filterWhen the user hits submitThen the month and year currently selected will be displayed on the report next to each Group Name (see mock up) See mock-up in notes","5/16/2024 JS: @Naga Senthil it is hard for me to validate that the numbers listed represent claims and not cases because when you click on the number (either the monthly claim count field or an individual date) it displays the list of cases and not claims. What if there was a case with more than 1 claim, would the PVR ID be listed more than once to represent each claim in that case? Is it possible to list the claims instead of the PVR IDs?  Q22024 - Targeted for Sprint 10Desired in Q22024 Mock-up:Filtered By: Audit Month and Audit Year                                                                     Group NameMonthYearMonthly Claim Count12345678910111213141516171819202122232425262728293031OMNICAREJan202421001110                           CAREMARK LLCJan2024150078                           CORAM LLCJan2024180099                           CVS HEALTHJan202427700135142                           ",,,,
US5084553,INM: Incorrect Interest [Points increased from 3 to 5] (S.23),,Andrea Astrella-Chisamore,Team: Pega Prefects,Accepted,10/27/2022,"Interest will update every time a case is opened andWill update until the audit moves to Ready for Recovery Interest should be an editable field in the UI during Ready for Recovery to account for miscalculations or client adjustments to interest recoupments (updated per discussion with Niharika)Interest Amount will be added as a field visible in Final- Review in Progress, Final-Ready for QC, Final- Failed QC, Final-Appeal No Repayment, Final-Appeal Ready for QC, Final- Appeal Failed QC, Ready for Recovery (updated per discussion with Niharika)Once the auditor has updated the interest amount the Interest should not be calculated until Recovery for the updated claim (per discussion with Niharika)The updated claim has to be highlighted in the next review screens     ","Target for Sprint 2210/19 kp Currently, interest is being calculated 1. prelim review, 2. prelim QC review, 3. appeals review and 4. appeals QC review. Ideally the interest sent in letters should match with UI. Two items as part of this defect:1. Currently, mismatch between letter and UI. (Srikanth will look into this)2. Per Dan, interest should be calculated based on the current date when audit is opened. (Need to confirm this with Dan).  10/26: For Demand and Waiver letter interest is not saved anywhere. Dan will update the defect where the interest will stop.Interest should stop on the day the audit moves into """"Ready for Recovery""""SubmittedBy: Daniel Dorsic_DefectReportedBy: Customer ReportedReleaseNote: falseAffectsDoc: falseState: OpenEnvironment: ProductionSeverity: 2-Major Problem 10/30: CH, updated title, there is no impact for TNM. Removed from title.1/11: Andrea has confirmed the below points Interest should be editable in the Final, Appeal and Demand Review Screens not in the Prelim ScreenOnce the auditor has updated the interest amount the Interest should not be calculated.  Business UAT - Support Needed from ITWorkflowCase / Audit TypeTotal CountNotesINMNew Case4 to 5@Tirumalasetty Niharika need assistance with IT adjusting the dates to allow Andrea to check the interest is correctly calculating over time11/7 @Andrea Astrella hello- can you please add additional acceptance criteria points so this can be closed in Sprint 23. Thanks! 12/20/23: @Tirumalasetty Niharika for INM-7431, the interest amount of the second and third claims in the audit are not calculating correctly. Per the interest calculator Dan shared with you, the interest amounts should be $168.16 and $322.91 as of today, but are showing as $84.88 and $148.90.12/21/23: We found an error within the interest calculator, so the interest amounts in PARP currently are likely correct.12/22/23: @Tirumalasetty Niharika For INM-7434, the interest amount showing in the UI after a waiver was received is still the amount that was listed on the Final Findings letter on 12/6/23. Demand letter was sent on 12/19 and audit moved to Ready for Recovery on 12/22. Correct interest amounts should be $138.06, 56.84, and 24.99.12/22/23 @Tirumalasetty Niharika  for the note above is coding written for interest to be held from updating for 60 days after final determination is sent? Wondering since this test scenario issued a demand letter earlier than it would in production if this error is a result of that or something else. 12/29/23: @Tirumalasetty Niharika I checked the interest on INM-7435 today and all interest is showing as 0, even though no manual change was made to the interest.1/4/24: @Tirumalasetty Niharika I checked the interest on INM-7443 today and it has not increased beyond what was on the Demand letter sent on 1/2/24. Is coding written for interest to be held from updating for 60 days after final determination is sent? Wondering since this test scenario issued a demand letter earlier than it would in production if this error is a result of that or something else.  ",,,,
US6338571,Add Pharmacy Name to DNA BMT and Read Only Access (S.23),,Daniel Dorsi,Team: Pega Prefects,Accepted,10/13/2023,"Add column for """"Pharmacy Name""""Populate """"Pharmacy Name"""" column from IDW field V_D_PHARMACY.PHR_NM that is associated with the NCPDP entered into the table.If NCPDP field is blank then Pharmacy Name will also be blankIf NCPDP field is not blank the pharmacy name must be populated. If the NCPDP does not exist then Pharmacy Name field should populate with """"Pharm Name Not Found""""Job to populate pharmacy name will run daily during the BMT lock window. (Users will see the pharmacy name the day after entering the record that contains an NCPDP)If the pharmacy name is changed in the source system PARP should update to show the current name """"Pharmacy Name"""" field should not be editableCreate a read-only view/access during times when the BMT is locked9.  12/20/23 AGUILLE: Add message at top of DNA BMT to read:   DNA BMT is locked from 12AM to 12PM ET. During this time, no edits can be made.  An error such as THIS INSTANCE EXISTS ALREADY may appear when users try to edit.     ","Targeted for Sprint 23Lisa approved on 10/13/23 to be included in sprint 22 @Daniel Dorsi, We don't have access to IDW  V_D_PHARMACY table(2nd Point in Acceptance Criteria). Can we use Pharmacy Details table(A_PHRMCY_DTL)  to fetch pharmacy Name basing on NCPDP? 11/13 - @Syamala Tunuguntla  Yes I believe that should work fine. 11/13 @Syamala Tunuguntla populated with additional details as requested during our call today.12/5 aguill3:  @Syamala Tunuguntla was this deployed to PVR in UAT? 12/5 Syamala: @Ashlee Guillermo Yes its deployed.12/6 JS: @Syamala Tunuguntla for PVR I am seeing a lot of blanks under Pharmacy Name even when there is an NCPDP present12/6 Syamala @Jennifer Salazar I see Job failed for PVR and I fixed it. You should be able to see pharmacy name tomorrow after job run successfully. 12/7 Syamala: PVR job ran successfully. Please check the screen shot below.12/7 JS: @Syamala Tunuguntla I am still seeing blank fields under Pharmacy Name even when there is an NCPDP 12/20/23 AGUILL3:  Added #9 in acceptance criteria after confirmation with PARP-A Team.",,,,
US6621989,PVR: Enhancement to Claim QC Review Pass/Fail Drop Down,,Jennifer Salazar,Team: Pega Prefects,Accepted,1/9/2024,"Acceptance Criteria:Claim QC Review Pass/Fail drop down should systematically default to """"Pass"""" 5/1 CN: PASSWhen the system systematically defaults to """"Pass"""" the user does not need to click the drop down field or make any selection from the drop down in order to """"Submit"""" the QC Review 5/1 CN: PASSUser has the option to change the selection to """"Fail""""  5/1 CN: PASSIf user selects """"Fail"""", a comment will be required and the comment will be visible somewhere in the UI (e.g. audit trail, internal note, or in a report-report is least preferable) 5/1 CN: comment is visible in Claim QC Comments field in the UIIf the QC reviewer makes changes to any of the editable fields in the Claims Drilldown/Discrepancy section or the Claim Pricing Info section then the system will default the drop down to """"fail"""" and the user will be required to enter a comment before they can """"Submit"""" the QC Review 5/1 CN: PASSFrom QC Review screen the user can check a single box or multiple boxes and """"Submit"""" without having to expand the claim and select """"Pass"""" or """"Fail"""" from the drop down. Batch Claims Findings - When there is any changes made in any of the editable fields, the system will default the drop down to """"fail"""" and the user will be required to enter a comment before they can """"Submit"""" the QC review. (similar to #5) 5/1 CN: Pass     Scenario 1: Drop Down defaults to PassGiven a PVR case When the case is in QC ReviewThen the QC Review Pass/Fail drop down for each claim within the case will default to """"Pass"""" Scenario 2: When defaulted to Pass the User can SubmitGiven a PVR claim is systematically defaulted to """"Pass"""" in the QC Review drop downWhen the QC Reviewer hits """"Submit""""The system will allow the case to move on to the next step and will not require the user to make a selection in the drop down Scenario 3: User has option to change the drop down selectionGiven a PVR claim QC Review drop down is systematically defaulted to """"Pass""""When a QC Reviewer wants to change the selection to """"Fail""""Then the QC Reviewer will be allowed to make the change Scenario 4: If """"Fail"""" is selected a comment is required and the comment is visible in UIGiven a QC Reviewer updates the QC Review drop down selection to """"Fail""""When """"Fail"""" is chosenThen a comment is required before the QC Reviewer can """"Submit"""" Scenario 5: """"Fail"""" comment will be visible in the UIGiven a """"Fail"""" comment is entered by the QC ReviewerWhen the claim is """"Saved"""" or """"Submitted""""Then the comment will be visible to users in the UI (e.g. in the audit trail, as an internal note) (least preferable would be for the user to have to access a report to see the  comment) Scenario 6: System will default to """"Fail"""" if the QC Reviewer makes a change to an editable field during QC ReviewGiven a user is performing QC ReviewWhen the reviewer makes changes to any of the editable fields in the Claims Drilldown/Discrepancy section or the Claim Pricing Info sectionThen the system will default the drop down to """"fail"""" and the user will be required to enter a comment before they can """"Submit"""" the QC Review Scenario 7: Submitting from QC Review screen without expanding the claim informationGiven a case in QC ReviewWhen a QC Reviewer selects a single box (claim) or multiple boxes (claims) within the caseThen the QC Reviewer can """"Submit"""" without having to expand the claim and select """"Pass"""" or """"Fail"""" from the drop down Scenario 8:Batch Claims FindingsGiven the QC reviewer make any changes in any of the edible fields Then the reviewer makes changes to any of the editable fields in the Claims Drilldown/Discrepancy section or the Claim Pricing Info sectionThen the system will default the drop down to """"fail"""" and the user will be required to enter a comment before they can """"Submit"""" the QC Review  ","  Q22024 - Targeted for Sprint 91/9/24 JS: Would like to target Q12024 if possible. 1/9/24 DS changed feature (PVR: QC was from 2023)02/22/24 CH: could potentially move to Q2 p/PVR leadership if we need the room in Q1.03/14/24 CH: updated to Q2, did not make the cut for sprint 6 which was the last sprint in Q1. updated to sprint 74/24/24 JS: @Naga Senthil  and @Uriti Ravindrababu  As discussed on the Sprint call this morning, if a QC reviewer makes a change to an editable field and the drop down defaults to Fail, if the QC Reviewer manually changes to Pass and then makes subsequent changes to the editable field(s), the drop down will remain as Pass and will not continue to default to Fail with the subsequent changes 5/1 CN: PASS4/24/24 JS: @Naga Senthil and @Uriti Ravindrababu  As discussed on the call this morning, if a QC reviewer makes a change to an editable field and the drop down defaults to Fail, if the QC reviewer changes the editable field to the original data, then the drop down will revert back to Pass since the after values match the before values 5/1 CN: PASS4/24/24 JS: @Naga Senthil and @Uriti Ravindrababu As discussed on the call this morning, changes or additions to the Internal Comments box will not result in the drop down defaulting to Fail 5/1 CN: PASS4/24/24 JS: @Naga Senthil The QC Comment does not need to be captured in Case notes or in the Audit trail but can remain in the QC comments note field 5/1 CN: PASS4/26/24 JS: @Naga Senthil as discussed on the call this morning, it will not be necessary to have the Batch Claim Findings drop-down default to Pass                 5/1/24 CN: Test case: PVR-0124-175 I changed the discrepancy code on 3 claims and the drop down remained as """"Pass"""". Shouldn't it change to """"Fail"""" and require a Claim QC Comments? Or do I need to select """"pass"""" or                       """"Fail"""" at Batch Claim Findings? --05/02/24 NS: One rule was missed to move to UAT and now it is moved. Please recheck and let me know, if you still face issues.              5/2/24 CN: @Naga Senthil Still remained as PASS even after I updated Discrepancy Code 2.               5/3/24 NS: @Christine Nguyen , As per requirement, we are updating QC Review when we update editable fields in Claim Drilldown and Pricing Info section by expanding each claim and QC Review will not get updated when we change the fields in Batch claim finding. Please let me know, do we need to update the QC Review, when we update the fields in Batch claim finding also. 5/3/2024 CN: @Naga Senthil I've added acceptance criteria #7 for Bach Claim Findings.  ",,,,
US6700620,PVR: Add new column to Daily Claim Load BMT,,Ashlee Guillermo,Team: Pega Prefects,Accepted,1/30/2024," The Daily Claim Load BMT will nave a new field to the right of the UHCMR Duplicate Billing Volume (%) column called NCPDP Frequency of ML Selection (Bus Days)The field will accept numeric values, including zero.The field will be required.    Given the Daily Claim Load BMT - 3/14 aguill3: Fail3/15 aguill3: PassWhen the BMT is accessedThen a new field will be present and will be located   to the right of the UHCMR Duplicate Billing Volume (%) column.  The new field will be called NCPDP Frequency of ML Selection (Bus Days) Given the new field called NCPDP Frequency of ML Selection (Bus Days) 3/14 aguill3: PassWhen a value is entered into the new fieldThen the value should only be numeric values, including zero. Given the new field called NCPDP Frequency of ML Selection (Bus Days) - 3/14 aguill3: PassWhen a value is entered into the new fieldThen the value is deemed a required field Given the Daily Claim Load BMT - 3/14 aguill3: Fail; 3/15 aguill3: PassWhen the BMT is accessedThen at the top of the BMT under the BMT label name, instructions will read:  To specify the total number of claims selected daily by ML. Enter a number into the UHCMR Duplicate Billing Volume without the percent sign. Enter zero in the NCPDP Frequency of ML Selection field if there is no restriction intended.  ","Q12024 - Confirmed for Sprint 6 (must go - dependent on ML US)03/06 kp Ranked #9 in pega prefects backlog (dependency on ML US). 3/14/24 aguill3:  @Tirumalasetty Niharika, please update column name to  NCPDP Frequency of ML Selection (Bus Days). Also, please edit message at top of screen to:  To specify the total number of claims selected daily by ML. Enter a number into the UHCMR Duplicate Billing Volume without the percent sign.. Enter zero in the NCPDP Frequency of ML Selection field if there is no restriction intended. 03/15/24 Per Niharika, above changes have been moved to UAT. @Ashlee Guillermo  3/15 aguill3:  @Tirumalasetty Niharika , I have completed UAT.  I have not accepted the user story because some tasks are still in progress.",,,,
US6709840,PVR: Date and Time Capture for All Attachments,,Ashlee Guillermo,Team: Pega Prefects,Accepted,1/31/2024,TBD - criteria above in notes,"Q32024 - Targeted for Sprint 13Acceptance Criteria;All attachment files attached to a case in PARP need to have time and date the file was attached  Scenario 1Given a file is attached in PARP under Pending ArchiveWhen the system capture the date and time of the attachmentThen the date and time will appear under the file  6/25/2024 aguill3 - per 6/24 conversation, Senthil was able to retain the date/time stamp when the file gets moved to Archive Successful   @Naga Senthil , how do we validate the date/time stamp when moved to archive successful without having to wait the specific number of days?6/26/2024 Naga Senthil - @Ashlee Guillermo Ideally when we upload the document to Doc 360, we capture the Date/Time for Archive Successful and it is happening by Job everyday at 12AM. For our testing purpose, either we can run job manually or can reduce the Frequency of Job running time like every ten minutes and once testing is done, we can revert it. If any failure happens while uploading document to Doc 360, it will not be coming in Archive Successful.",,,,
US6517952,PVR:  Exclude Cases with QC Edit from Subsequent FAFR Report (S.14),,Ashlee Guillermo,Team: Pega Prefects,Accepted,12/5/2023,Given a case  was previously in FAFR submitted statusWhen the case undergoes QC editThen the case will not  be included in the upcoming FAFR report (when the automation runs) since the case was included in a previous FAFR already. 7/17 CN: Pass  Example:  Case PVR-1223-1379 underwent FAFR-Submitted twice.  It was included in two weekly automated FAFR reports.  We need for the case to be excluded in the 2nd FAFR report.   ,Q32024 - Targeted for Sprint 14Complete as soon as possible 01/04 kp Christine to check next week's report and mismatch to share an example. 1/8/24 aguill3:  updated user story and title of user story for clarity and added example.  1/10/24 CN: 2pts per Ravi,,,,
US6732921,CMS: Ability to move audits to Response Received status,,Allison Wade,Team: Pega Prefects,Accepted,2/6/2024,Only available to users with Manager accessAction menu will have a drop down to move audits to Response Received status when in any of the following statusesFirst Request-Pharm ContactFirst Request-Corr FailedSecond Request-Pharm ContactSecond Request-Corr FailedThird Request-Pharm ContactThird Request-Corr FailedInitial CAP-Pharm ContactInitial CAP-Corr FailedFinal CAP-Pharm ContactFinal CAP-Corr Failed,"Q32024 - Targeted for Sprint 14 07/08/24: @Allison Wade could you please help me with below points:                 1) Do we want to show this option when status = """"First Request-Corr Failed""""  because we will not contact pharmacy at least once to get the response                       during this status. And also same for """"Initial CAP-Pharm Contact"""" and Initial """"CAP-Corr Failed"""". AW: Yes its needed for both statuses.                  2) Should we display any comment box / confirmation note on UI when user clicks on """"Go To Response Received"""" from actions menu ? AW: Yes. The comment box should be mandatory and the comment should be visible in the audit history.                 3) when status contains CAP then we need to move to """"CAP Response Received """" state, right ? AW: correct 07/10/24: @Allison Wade Code is now available in UAT. Please test it and let me know if you any queries.",,,,
US6789683,Update batch options for Preliminary Reconsideration view to include internal comments,,Allison Wade,Team: Pega Prefects,Accepted,2/20/2024,"For INM, TNM, DSKUpdate batch claim findings for audits in Prelim-Recon in Progress to include an Internal Comments boxFor INMUpdate batch claim findings for audits in Final-Appeal Repayment Received and Final- Appeal No Repayment to include Directions box and Internal Comments boxFor TNMUpdate batch claim findings for audits in Final-Appeal Review in Progress to include Directions box and Internal Comments box","Q32024 - Confirmed for Sprint 1402/20/24 CH: enhancement idea added in Rally for tracking from BED tracker. @Allison Wade assigned you as the owner, we can update if needed.06/26/24 CH: @Allison Wade @Andrea Astrella @Daniel Dorsi please confirm, is this needed in sprint 14? Thanks.6/27/24 AW: @Christin Horton yes its needed for sprint 14 @Allison Wade got it, thank you!7/3/24 AA: @Satyvir Kumar updated status names for TNM ",,,,
US7317616,PVR:  House Account Maintenance BMT (S.14),,Ashlee Guillermo,Team: Pega Prefects,Accepted,6/26/2024,"New BMT will be called House Account Maintenance 7/11JS PassBMT will have the following columns:Sequence ID 7/11JS PassSource Environment ID 7/11JS PassSource Environment Name 7/11JS PassCarrier 7/11JS Fail (missing)  (07/15/2024 NS: Added the column) 7/15 JS PassAccount 7/11JS PassGroup 7/11JS PassInputFlag 7/11JS Pass (there is a space between input and flag. not sure if that matters but in the offshore restriction bmt there is no space)  (07/15/2024 NS: Removed the Space)Create Date/Time 7/11JS PassCreate Operator Name 7/11JS PassUpdate Date/Time 7/11JS Fail date is missing 7/16JS PassUpdate Operator Name 7/11JS PassBMT will allow for wildcard values for the Carrier, Account, and Group 7/11JS unable to test for Carrier since it is missing from the table; for account and group is did allow the entry of %  (07/15/2024 NS: Added the column) 7/15 JS PassPVR House Account Manager_onshore role should have access to all the same BMTs as the PVR Manager Onshore role has.  Given the House Account Maintenance BMT When accessing the BMTThen the BMT will have the following columns:Sequence ID (auto-populated value in sequential order) 7/11JS PassSource Environment ID (required) 7/11JS Pass (defaults to 480 and is unable to be left blank)Source Environment Name (auto-populated once source environment ID is selected) 7/11JS PassCarrier 7/11JS Fail (missing) (07/15/2024 NS: Added the column) 7/15 JS PassAccount 7/11JS PassGroup 7/11JS PassInputFlag (required and will default to N when entering data) 7/11JS Pass (there is a space between input and flag. not sure if that matters but in the offshore restriction bmt there is no space)  (07/15/2024 NS: Removed the Space)Create Date/Time (auto-populated) 7/11JS PassCreate Operator Name (auto-populated) 7/11JS PassUpdate Date/Time (auto-populated) 7/11JS Date is missing in the column header but it does display the date in the entry 7/16JS PassUpdate Operator Name (auto-populated) 7/11JS Pass Given the House Account Maintenance BMTWhen a source environment ID is selected Then a drop down selection will appear which will include these choices in numeric order (lowest to highest):480 7/11JS Pass490 7/11JS Pass500 7/11JS Pass510 7/11JS Pass580 7/11JS Pass620 7/11JS Pass640 7/11JS PassGiven the House Account Maintenance BMTWhen a source environment ID is selected Then the following corresponding source environment names will populate: 7/11JS PassSource EnvironmentEnvironment Name480BOOK1490BOOK2500A6_IRX510A5_CTR580CCTA_PRD620A5_KSR640A2_AZM Given the House Account Maintenance BMTWhen the BMT is accessedThen the BMT will not allow a blank entry to be saved 7/11JS Not sure if this is a Pass or Fail: I created new rows with only the Seq ID, Source Environment, and Input Flag populated (it is impossible to leave those blank)  and it saved Given the House Account Maintenance BMTWhen the carrier, account, or group values are enteredThen the BMT will allow wildcard values.  % can be used to indicate a prefix or suffix wildcard value for the Carrier, Account, Group fields. 7/11JS unable to test for Carrier since it is missing from the table; for account and group is did allow the entry of %; also, I can't test the wild card logic until the logic US is implemented  (07/15/2024 NS: Added the column) 7/15 JS Pass Given the House Account Maintenance BMTWhen the carrier, account, or group values are NOT enteredThen the BMT will allow blank entries for the carrier, account and/or group which will signify that any value for the carrier, account, and/or group should be included for the particular carrier to be identified as a House Account claim. 7/11JS Pass; need to retest when carrier is added  (07/15/2024 NS: Added the column) 7/15 JS Pass Given the House Account Maintenance BMTWhen the data is importedThen all the above validations will be the same as entering the data one by one in the UI 7/11JS in the export it does show Update Date and Time, where as in the UI is only showsTime; when I imported, I left 5 rows blank and they did not get added; upon import, all of the previously existing entries were replicated, resulting in doubled entries (see Seq IDs 1-9) 7/15 JS Retested and it passes; import did accept blank account and group (need to retest when carrier is added) 7/15 JS Retested and it passes ; it allowed me to enter % for Account and Group 7/15 JS Retested and it passes; I noticed when entries are excluded due to not passing validation criteria, it skips those Seq IDs when you make a new entry (e.g. Seq IDs 17-21 were excluded form import b/c they were blank. And upon my next import, the Seq ID was 22.) Is that typical of other BMTs?; I attempted to import a file with a row that had a missing Source ID and a row that had a missing Input Flag and neither of the were saved Given the House Account Maintenance BMTWhen the BMT is accessedAt the top of the screen the following message will display:A blank field should be used to indicate any and all values for the Carrier, Account, Group fields. % should be used to indicate a prefix/suffix wildcard value for the Carrier, Account, Group fields.  7/11JS Pass Given the House Account Maintenance BMTWhen data is edited, removed, entered or uploaded into the BMTThen there will be an after-hours job to update the House Account flags for all cases in PARP and the input flag in the BMT will turn into Y when the data is ingested and all cases have been updated in PARP. Given the House Account Maintenance BMTWhen data is edited, entered or uploaded into the BMTThen the BMT will not allow exact duplicate records to be saved 7/11JS Fail; upon import it let me save 2 exact duplicate (Seq ID 27 and 28), upon manual entry it allowed me to save exact duplicates (Seq ID 29 and 30 7/15 JS Retested and it passes","Q32024 - Targeted for Sprint 147/9/24 JS moving after hours job to the logic US 7/15JS @Naga Senthil still need to add """"date"""" to Update column (Update Date/Time); still waiting for  PVR House Account Manager_onshore to be created 07/16 NS: @Jennifer Salazar , Updated column as Update Date/Time. I created request in secure for PVR House Account Manager_onshore and it is in progress still and will update you once it is approved. 7/22JS @Naga Senthil I have PVR House Account Manager Onshore role now. However, I noticed that when I am in that role, the only BMT I can see is house account maintenance. Since it it a manager role, I think I should have access to all BMTs. All 19 onshore manager BMTs are now visible to the House Account Manager onshore roleAlso, I noticed in the House account maintenance BMT, several on the entries are missing the Create Date/Time and Create Operator Name Retested 7/23 JS Pass and all fields contained create date/time and operator name   ",,,,
US6800497,PVR:  Preventing PVR Initiation of Same Rx Number+NCPDP With Other Flows (S.07),,Ashlee Guillermo,Team: Pega Prefects,Accepted,2/22/2024,"Before a PVR case is initiated, PARP will do a check against the other flows and remove any claims from a PVR case that have the same Rx number at the same NCPDP ID that is present in the OA/DA correspondence table.If the PVR case has more than 1 claim, only the claim that has an Rx number+NCPDPID duplicated with another flow will be removed.  The remaining claim(s) will continue to be included in the PVR case initiation.If the PVR case has only 1 claim and the claim has an Rx number+NCPDPID that is duplicated with another flow, the case will be resolved-cancelled and a PVR initial letter will not be sent. Given before PVR case is initiatedWhen PARP will cross-check the claim(s) in the PVR case to see if any claim has the same Rx number from the same NCPDP ID as a claim that is in the OA/DA correspondence table and the OA/DA is in a status other than Resolved-FAFR Submitted or Resolved-CancelledThen PARP will remove the claim(s) with the duplicated Rx number(s) from the PVR case Given a PVR case has more than 1 claimWhen one or more claim(s) has/have an Rx number+NCPDPID duplicated with another flow in OA/DA correspondence table and the OA/DA is in a status  other than Resolved-FAFR Submitted or Resolved-CancelledThen the duplicated claim(s) will be removed from the case and any remaining claims will continue to be included in the PVR during case initiation Given a PVR case has only 1 claimWhen the claim has an Rx number+NCPDPID duplicated with another flow in OA/DA correspondence table and the OA/DA is in a status other than Resolved-FAFR Submitted or Resolved-CancelledThen the case will be resolved-cancelled and the PVR initial letter will not be sent","Q22024 - Sprint 7 (must go) 4/8/24 aguill3:  @Tirumalasetty Niharika , i have loaded the manual claims BMT with 12 claims for DSK and OSE (coming from 4 different pharmacies).  I don't think that for the PVR cases, the cases should be the same claims to accurately test for the same Rx number + same NCPDP.   They should be different claim numbers.  Let me know if you need me to load the PVR claims as well. I didn't load them yet because I didn't want to disrupt the flow that we are trying to test.   So perhaps the DSK and OSE cases can be created first then turned into audits.  Then I can load the PVR claims. 4/12/23 Niharika: @Ashlee Guillermo  I have created the cases in PVR for the manual claims loaded We just have to check the cases that are created in PVR have the same Rx numbers from the DSK and OSE casesPlease find the case detail belowPVR-0424-8PVR-0424-9PVR-0424-10PVR-0424-11PVR-0424-12  ",,,,
US6969893,PVR:  Update PVR Initiation Date,,Ashlee Guillermo,Team: Pega Prefects,Accepted,4/3/2024,Given a PVR initiationWhen an initiation date is recorded in PARPThen the initiation date will be changed to “Null” when the fax or email does not successfully send on the same day Given a PVR initiationWhen an initiation date is recorded in PARPThen the initiation date will be changed to “Null” when the case is manually cancelled the case when the status is in “Init letter review” and “Init-corr failed ,Q22024 - Confirmed for Sprint 8 (must go),,,,
US6933441,"INC36136645: ID-2618, Logic, Extended due date should not be including """"non-business days"""" (S.07)",,Christine Nguyen,Team: Pega Prefects,Accepted,3/26/2024,"See US5240924 - PVR-Granting ExtensionsWhen the user grant an extension, system adds 3 business days to the original due dateScenario #1: User grants an extension in the systemGiven a pharmacy requests an extension to the initial request for recordsWhen the user selects the option to grant extension to a case in the systemThen the system will update the original due date by adding 3 more business days Initial Due Date - See US5240939 - PVR Due Date Timeframe2. Based on the date and time of the letter successfully being sent out, I need the system to assign a due date for when the pharmacy must respond with documents (7 business days to respond).  Scenario #2: Initial Due DateGiven an initial letter was successfully sent outWhen the system need to assign a due dateThen 7 business days from the initial letter sent date will be added ","Q22024 - Confirmed for Sprint 7 (must go)Analysis from Support [PK]:when user performs the GrantExtension action from actions button of PVR cases the extended due date is being added.Checked with dev team based on the business reported US5240924, they confirmed that the reported issue is a defect since the acceptance criteria says that extended due date should have business days.03/14/24 CH: updated priority p/Christine. 03/18/24 PK: INC36205687: ID-2666, Dashboard/UI, Cases initiated between 2/29 - 3/8 have the incorrect Initial Due DateIssue with Day light saving (due to this, the timings for InitialAuditDueDate, SLADueDate and ExtendedDueDate properties are forwarded by 1 hour for the cases created before day light savings.) c_DefectReportedBy: Customer ReportedReleaseNote: falseState: SubmittedSeverity: 2-Major Problemc_ServiceNowIncident: INC36136645SubmittedBy: Kakivai PenchalaprasadAffectsDoc: falsePriority: High AttentionEnvironment: Production 03/26 kp converted DE856027 to US69334414/4/24 JS: Waiting for cases to be created so we can test the init due date and extended due date. Also waiting for an update on how we can test the time change functionality to avoid this happening in the future4/10/24 JS: PVR-0424-3, PVR-0424-5, and PVR-0424-7 all had a due date of 4/10 and moved to no response as expected at 8PM ET on 4/10; PVR-0424-4 and PVR-0424-6 were granted extensions and have a due date of 4/15. I will check on 4/16 to see if they are in no response.4/15/24 JS: PVR-0424-4 and PVR-0424-6 moved to No Response as expected at 8PM ET on 4/15",,,,
US6203343,PVR:  Ability to Edit PVR Post QC (S.20),,Ashlee Guillermo,Team: Pega Prefects,Accepted,9/7/2023,"PARP will allow the ability to edit a case in statuses post Ready for QC (e.g., Results Pharm Contact, Ready for FAFR, Results Corr Fail, or Resolved FAFR submitted) to a manager or superuser (offshore and onshore) with an available edit button. The button can be found in the Actions drop down unless IT has a different solution.   Once the edit button is clicked, the case will move to a new status called Ready for QC Edit where only a Superuser or a Manager can edit.If the case was in pending consolidation, the edit button, once pressed, will take the case out of any pending consolidation.   if the case is pending email, fax or consolidation, once the edit button is clicked, PARP should prevent the correspondence from going on where possible (likely not possible with pending fax) and allow the user to edit the case.PARP will keep a record of the originally entered values by the reviewing auditor, all the QC values and the revised QC values.  The details of the original QC values will be stored and displayed in the audit trail of the case.   The revised QC data inputs will override the existing QC editable field inputs.Once the case is revised, PARP must allow the user to request, preview, and generate a revised PVR results letter to be sent to the pharmacy, using a new template called Revised PVR Results Letter.  This new template should only be used if a results letter was previously sent.  If the results letter was not sent yet, the system will use the original PVR Results letter template.Pega Team will provide the JSON fields for the Revised PVR Results letter.Once the letter is generated, the case will proceed to the pharmacy contact screen to send the letter and the case will proceed to the status of Results Pharm Contact. If the pharmacy is part of a consolidation group, it will follow the same schedule as other results letters to consolidate and send letters.  The status will be results pending consol.If the pharmacy is on the No PVR Results Letter BMT, the case will move to Ready for FAFR, unless the case had already been in FAFR Submitted previously. If the case status was in FAFR Submitted previously, once the letter is successfully sent, the case will move directly to FAFR Submitted and bypass the Ready for FAFR.If the letter fails to send, it will move to the Results Corr Failed queue.Once the Revised PVR Results letter is sent successfully, the status will change to Ready for FAFR, unless it was previously FAFR Submitted. When a FAFR is submitted and a FAFR report is generated containing a revised case, any “final” values for that case will be based upon the Revised fields (e.g., final validated quantity, final validated days supply, final discrepancy code, final discrepancy description, final discrepancy code 2, new final adjusted amount, final adjusted amount, audit comments, etc.)When a case is revised and submitted, a case note will be required before the submit is complete.If a results letter was previously sent, in the correspondence tab, once a Revised Results letter is sent, the original contact method, contact detail and fulfillment timestamps will be overridden with the revised results letter information.   The original results letter correspondence info (contact method, contact detail and fulfillment timestamps) will display in the audit trail of the case or in the case notes so that the user is aware of when and how the original correspondence was sent.  The audit trail of the case will indicate that the case was revised and will timestamp when it was moved to Ready for QC Edit and include the username.Once a case has been revised, the PVR details tab will indicate that the case has been revised with a field called “Revised”.  A “Y” next to the field will indicate that it has been revised.  All letters are in red font if PARP can accommodate.  The Revised field will only appear if the case was revised.20. Added 10/5/23: For cases that were originally No Response and skipped QC because user was on the Skip QC BMT, the option to edit QC should be available for those cases.21. Added 10/5/23:  For cases that were underwent QC edit, any fields that were updated should be counted towards the QC errors for auditors who initially worked the case; the QC report should also be updated to remove QC errors attributed to a user if there was truly no error after the edit is done.  If during QC edit, the fields are changed back to how the original reviewer had entered them, then no error should be attributed to the reviewer.22. Added 10/5/23:  If a manager/superuser originally performed the review in progress on the case, the same manager/superuser will not be able to do the QC edit for the same case.   "," 9/7/23 AW: Lisa approved for sprint 209/27/23 aguill3:  Added #4 in acceptance criteria based on discussion with Pega team.10/5/23 aguill3:  Added 20-22 below based upon discussion with Pega team.10/26 aguill3:  @Tirumalasetty Niharika , I attached the results of our testing and re-testing.  10/27 aguill3:  @Tirumalasetty Niharika , #20 has now passed with testing on PVR-1023-4013.  Thank you!  I have attached an updated UAT testing excel.10/30: Updated the sheet with the Fixed issues please test, Except the QC errors issue everything else id fixed10/30 aguill3: @Tirumalasetty Niharika I have retested.  Most have passed after retesting.  However, it seems that the option to edit QC when a case is in FAFR submitted is not available.  10/31 AGUILL3:  @Tirumalasetty Niharika , PVR-0723-117, Case was in FAFR-SUBMITTED. I was able to edit QC, but letter was not the Revised template and the previous correspondence was not recorded in the case notes.<Fixed> 2/11: Niharika All the issues fixed and moved to UAT. Please test11/2 aguill3:   @Tirumalasetty Niharika , I tested the QC errors and it did not pass. I attached the findings.11/6 aguill3:  @Tirumalasetty Niharika , I tested the QC errors and it did not pass again.  Cases were PVR-1123-1000.  After completing the QC and the QC edit, I could not see any data for Christine Nguyen.    I also did QC edit for case PVR-1123-1010 and in the edit, I reverted the discrepancy back to what Christine originally had so it would be expected that it would not be on the QC errors report but not sure whty case 1000 was not there.7/11 : Ashlee can you please check agian Am able to see the detaislD Discripency code is removed from errorPFB 11/7 aguill3:  uploaded final testing scenarios and outcomes.     Note: the Case in Resolved FAFR sumitted will have to be moved to ready- for FAFR (Using Reopen From the actions drop down) to move to Edit QC screenA new column(Revise QC date) has been added to the QC error report as a part of this user story",,,,
US6301954,PVR: Enhance Offshore Restriction (S.25),,Ashlee Guillermo,Team: Pega Prefects,Accepted,10/4/2023,"Acceptance CriteriaWhen accessing work through Get Next Work for certain queues, cases that are part of a consolidation group will not route to an offshore user to work and will only route to an onshore userWhen searching for a case and if the case is part of a consolidation group, offshore user will not be able to open the details of the case if the case is in the following statuses:   Response Received, Ready for QC, Results Corr Failed, & Results Pharm Contact, Ready for FAFR, or FAFR Submitted, even though the case is not considered to be offshore restricted.If a case happens to have documents not belonging to the case, offshore users can reassign the case to only an onshore counterpartOffshore SuperUser and Manager should not have the ability to use the bulk actions export and bulk financial recoveries While a PVR is in progress, if the consolidation group changes (e.g., was not part of a consolidation group at initiation but then was added to a consolidation group during the life of the PVR), then the logic should be applied to the latest consolidation group status. Scenario 1 PASSGiven that an offshore user utilizes Get Next Work for any statuses in which documents have been received and attached (Examples are but not limited to: Response Received, Ready for QC, Results Corr Failed, & Results Pharm Contact)Then the case will not route to the offshore user to work and will only be routed to an onshore user, even though the case is not considered offshore restricted, when it is part of a consolidation group. Scenario 2 PASSGiven that an offshore user is searching for a case,When the case contains a pharmacy that is part of a consolidation group,Then the user will not have the ability to open the details of the case if the case status is Response Received, Ready for QC, Results Corr Failed, & Results Pharm Contact, Ready for FAFR, or FAFR Submitted, even though the case is not flagged as offshore restricted.  Scenario 3 PASSGiven that an offshore user may inadvertently see restricted documents in a caseWhen the case may contain documents received that are not part of the caseThen offshore users can have the ability to reassign the case to only an onshore counterpart to work Scenario 4 PASSGiven that an offshore Superuser or manager needs to use bulk actions   When a bulk action export or bulk financial recoveries report is neededThen the offshore Superuser or manager will not have the option; this is prevent the user from seeing details belonging to offshore restricted claims/cases Scenario 5 PASSGiven a PVR is in progressWhen the consolidation group changes (e.g., there was no consolidation group at initiation but while the PVR is in progress, the consolidation group was added or removed)Then the enhanced offshore logic should be applied using the latest consolidation group status.","Targeted for Sprint 25 12/21 AGUILL3:  @Tirumalasetty Niharika , for #3 below, as an offshore auditor, I was able to reassign to an offshore auditor, Saira Gomez.   Her Secure access is offshore.  12/22 : fixed the issue. If the user has only onshore access only then the case will be assigned,12/26aguill3:  @Tirumalasetty Niharika , for case PVR-1223-652, as an offshore SuperUser, I was able to reassign to Saira Gomez who has offshore auditor role.    12/28aguill3:  @Tirumalasetty Niharika - I have completed UAT.  I did not change the state to accepted because I noticed that the prev status was In Progress and you have 1 task still pending called Code Review.   ",,,,
US6451681,PVR: Move Init/Reminder Letter to Gen failed due to PARP not receiving LetterBase64Data from Inspire,,Christine Nguyen,Team: Pega Prefects,Accepted,11/15/2023,"Acceptance Criteria:If the Init letter are still in Init Pending Letter Generation by 10:30am EST, then the system will move the letters to Init Letter Gen Failed 12/20 CN - PASSIf the Reminder letter are still in Ready for Reminder by 12:30AM EST, then the system will move the letters to Reminder Letter Gen Failed. 12/20 CN - PASSWhen the Init Letter failed to generate due to PARP not receiving LetterBase64Data from Inspire, then Audit History will document Date/Time with Description: Init Letter move to Init Letter Gen Failed due to not receiving LetterBase64Data from Inspire 12/20 CN - PASSWhen the Reminder Letter failed to generate due to PARP not receiving LetterBase64Data from Inspire, then Audit History will document Date/Time with Description: Reminder Letter move to Reminder Letter Gen Failed due to not receiving LetterBase64Data from Inspire 12/22 CN - PASSWhen the Init Letter failed to generate due to PARP not receiving acknowledgment from Inspire, then Audit History will document Date/Time with Description: Init Letter move to Init Letter Gen Failed due to not receiving Acknowledgement from Inspire (relate to US6469401)When the Reminder Letter failed to generate due to PARP not receiving acknowledgment from Inspire, then Audit History will document Date/Time with Description: Reminder Letter move to Reminder Letter Gen Failed due to not receiving Acknowledgement from Inspire (relate to US6469401) Scenario 1: Given the Init letters are still in Init Pending Letter GenerationWhen the time is at 10:30AM ESTThen the system will move the letters to Init Letter Gen Failed Scenario 2: Given the Reminder letters are still in Ready for ReminderWhen the time is at 12:30AM ESTThen the system will move the letters to Reminder Letter Gen Failed Scenario 3: Given the Init Letter failed to generateWhen PARP not receiving LetterBase64Data from InspireThen Audit History will document Date/Time with Description: Init Letter move to Init Letter Gen Failed due to not receiving LetterBase64Data from Inspire Scenario 4: Given the Reminder Letter failed to generateWhen PARP not receiving LetterBase64Data from InspireThen Audit History will document Date/Time with Description: Reminder Letter move to Reminder Letter Gen Failed due to not receiving LetterBase64Data from Inspire Scenario 5: Given the Init Letter failed to generateWhen PARP not receiving acknowledgment from InspireThen Audit History will document Date/Time with Description: Init Letter move to Init Letter Gen Failed due to not receiving Acknowledgement from Inspire  Scenario 6: Given the Reminder Letter failed to generateWhen PARP not receiving acknowledgment from InspireThen Audit History will document Date/Time with Description: Reminder Letter move to Reminder Letter Gen Failed due to not receiving Acknowledgement from Inspire ",Confirmed for Sprint 25 Business UAT - Support Needed from ITWorkflowCase / Audit TypeTotal CountNotesPVR   12/7 CN: Move acceptance criteria #5 #6 to US6469401. ,,,,
US5359705,PVR: Revalidation of Paid status (S.08),,Christine Nguyen,Team: Pega Prefects,Accepted,1/31/2023,"Acceptance Criteria: I need the system to revalidate that the claims are in Paid status before requesting Init letter generation. If a claim is not in paid status, it should be removed from the PVR Case The paid status validation will apply to all claims, including claims identified by ML and manually imported claims. If all the claims in the case are reversed and no longer in paid status, the case will be cancelled   Scenario #1: Revalidating Paid StatusGiven claim selection for PVRWhen the claims are loaded in the system and before the letters are createdThen the system will revalidate that the claims in the PVR cases are still in paid status Scenario #2: Removing Claims that are no longer in paid statusGiven revalidation of Paid status by the systemWhen a claim is no longer in Paid statusThen the system will remove the claim from the case Scenario #3:  The paid status validation will apply to all claims, including claims identified by ML and manually imported claims.Given revalidation of Paid status by the systemwhen manuallly imported and ML identified claims are included in the casethen the paid validation will apply to all claims Scenario #4:   If all the claims in the case are reversed and no longer in paid status, the case will be cancelled.Given a casewhen all the claims are no longer in paid status after the validationthen the case will be cancelled, status Resolved Canceled ","4/6 JS Team was connecting with the RXClaim team and we are still working on it. (chad Lemmons Data Governance Team)it will take 2 sprints for the RxClaim team and then we can take this story04/12 KP Please see attached email. Credentials for Claim search for both non-PROD and PROD. 5/22 AG:   Paid status validation must verify the source environment, claim number and sequence that either ML identified or the manual import identified.  6/6 AG:  Accepted via demo only; Dev team was not able to demo user acceptance criteria #3 below.    ",,,,
US5848868,PVR:  Case ID Numbering (S.12),,Ashlee Guillermo,Team: Pega Prefects,Accepted,6/5/2023," Each month, the Case ID will follow this naming convention:  MMYYYY - Case ID (sequential order)For example, in June 2023, the first case will start with 062023 - 01.  The second case will be 062023 - 02 and so on. Then in July, the case will start with 072023 - 01. ","'@Uriti Ravindrababu , Hi Ravi, can we update the numbering logic to MMYY - ## instead of MMYYYY - ## ?  This is to reduce the number of digits in the PVR ID.@Ashlee Guillermo  Hi Ashlee i have made the changes and moved code to UAT. you can test this in next case creation6/23 AG:  PASS",,,,
US5930673,PVR:   Update OSE Federal Holidays BMT (S.14),,Ashlee Guillermo,Team: Pega Prefects,Accepted,6/26/2023,"Rename the Federal Holiday Name column to Holiday Name.7/10 AG:  FAIL 7/17AG:  PASSThe new column will be called UHG Holiday Date and will be positioned in between the Federal Holiday Date and Create Date/Time columns.7/10 AG:  PASSThe UHG Holiday Date field must only allow date values, with a calendar option to choose the date. 7/10 AG:  PASSRequired fields: Year, Holiday Name, and either the Federal Holiday Date OR the UHG Holiday Date are required but not both. 7/10 AG:  FAIL7/17 AG:  PASSThe SeqID must be read only.7/17 AG:  FAIL; It is read only after data is put in but not read only from the point of original input. 7/26 AG:  PASSThe Pega logic to determine the reminder letter and PVR due dates must reference the Federal Holiday Dates for the corresponding year(s) noted in the Year column. Example:   If a PVR was initiated on December 22, 2023 and due in 7 business days, the due date calculation will skip all holidays noted in the Federal Holidays date column for the timeframe in question which would include Christmas 12/25/2023 and New Year’s Day 1/1/2024. This would result in a due date of Thursday, January 4, 2024.   7/10 AG:  How do we test this? 7/17AG:  Put in fake holiday on 7/24 to see if the PVR due date is recalculated.  7/26 AG:  PASSThe current logic to not count weekends as a business day is still in effect in order to determine PVR reminder date and PVR due date.   7/10 AG:  How do we test this? 7/17 AG:  wait for new cases to load this week.7/24 AG:  PVR -0723-958 PVR date 7/24, due date is 8/4 because there are two federal holidays in the BMT (7/25 and 8/1).  But after granting extension, it extended the due date by 3 calendar days (due 8/7), instead of 3 bus days.  7/27 AG:  PASSAny Pega logic that uses this BMT for OSE flow must only reference the Federal Holiday Date column.  If any entry has a date that is blank, Pega must ignore the field.   *Please let the business know if there are any potential disruptions to the OSE flow when this is rolled out to prod.  7/19 AG: Per Michele Misiak - PASS","7/10 CN: According to #4 below, both Federal Holiday Date and UHG Holiday Date should not be both required.  I was unable to to only enter UHG Holiday Date and leaving Federal Holiday Date blank. 7/17 AG:  @Tirumalasetty Niharika , please deploy changes to OSE flow as well.   Michele could not see the changes.   7/19 AG:  @Tirumalasetty Niharika , would you please update the OSE Holiday BMT column header name from Federal Holiday Name to Holiday Name?  Also, can we make the seq ID read only for both PVR and OSE?7/24 AG:  @Tirumalasetty Niharika , please see notes in the acceptance criteria #7.  PVR -0723-958 PVR date 7/24, due date is 8/4 because there are two federal holidays in the BMT (7/25 and 8/1).  But after granting extension, it extended the due date by 3 calendar days, instead of 3 bus days.  ",,,,
US5821717,PVR:  Daily Claims Load Validations (S.12),,Ashlee Guillermo,Team: Pega Prefects,Accepted,5/25/2023,"In the Source & CAG Inclusion BMT, the sum of all the numeric values in the minimum claims volume field should not exceed the number indicated in the Daily Claim Load BMT.  If it does, a validation error will occur. If a daily claim load numeric value is already indicated in the BMT and the user is making the updates to the Source & CAG inclusion, the validation error message will appear in the Source & CAG Inclusion BMT to prevent the user from saving any updates to the minimum claims volume field which will cause the sum of all minimum claims volume to exceed the volume indicated on the Daily Claim Load BMT.  Error message will read:  The sum of all minimum claim volumes in the Source & CAG BMT exceed the Daily Claim Load BMT volume. 6/28 AG PASSIf a user is making updates to the Daily Claim Load BMT and the volume that is being entered is lower than the sum of all the numeric values in the minimum claims volume field, the validation error message will appear in the Daily Claim Load BMT to prevent the user from saving the updates which will be under the sum of the volumes indicated on the Source & CAG Inclusion BMT.  Error message will read:  The sum of all minimum claim volumes in the Source & CAG BMT exceed the Daily Claim Load BMT volume. 6/28 AG PASS In the Chain Audit Limits BMT, the sum of all the numeric values in the days of the week fields where it is indicated as SEND EXACT should not exceed the number indicated in the Daily Claim Load BMT.  If it does, a validation error will occur.If a daily claim load numeric value is already indicated in the BMT and the user is making the updates to the Chain Audit Limits BMT, the validation error message will appear in the Chain Audit Limits BMT to prevent the user from saving any updates to the SEND EXACT volume field which will exceed the volume indicated on the daily claim load BMT.  Error message will read:  The sum of all Send Exact volumes in the Chain Audit Limits BMT exceed the Daily Claim Load BMT volume.6/28 AG PASSIf a user is making updates to the Daily Claim Load BMT and the volume that is being entered is lower than the sum of all the numeric values in the Send Exact fields, the validation error message will appear in the Daily Claim Load BMT to prevent the user from saving the updates which will be under the sum of the volumes indicated on the Chain Audit Limits BMT where it is marked as Send Exact.  Error message will read:  The sum of all Send Exact volumes in the Chain Audit Limits BMT exceed the Daily Claim Load BMT volume.6/28 AG PASS","6/21 AG:  @Vineeth Yerramsetti , Was this deployed to UAT?",,,,
US5998573,PVR:  Update Daily Claim Load BMT,,Ashlee Guillermo,Team: Pega Prefects,Accepted,7/14/2023,"The new column will be added to the Daily Claim Load BMT to the right of the existing column named Minimum Claims.The new column will be called:   UHCMR Duplicate Billing Volume (%)The new column will be a required field allowing integer values only such as 0, 1 , 2, and so forth.A reminder at the top of the BMT will state:  Enter a number into the UHCMR Duplicate Billing Volume without the percent sign.In regards to the validations found in US5821717, the new column will not be referenced in the validation between the 3 tables:   Chain Limits, Source & CAG Inclusion, and Daily Claim Load.",,,,,
US5761457,PVR: Update to PVR Chain Audit Limits BMT (S.11),,Jennifer Salazar,Team: Pega Prefects,Accepted,5/10/2023,The new Calendar Year column can be placed between the Group Name and the Group By columns PVR BMT  Current DSK/OSE BMT  ,"5.10 JS this was a request from Denise and Kathryn who maintain this BMT5.18 JS A Group Name can have more than 1 entry but the Calendar Year would need to be unique 6/9/23 JS Pass 6/6 AG:  @Neelarapu Vidya , the BMT no longer has the Create Date/Time, Create Operator Name, Update Date Time, Update Operator Name any longer.  Would you please add these columns back in?    Could we mimic DSK to add in validation to have no spaces between values in the Affiliation Code field?   And not sure if we can add in a requirement that each value in the Affiliation Code column must be 5 characters. Vidya: fixed, will move to UAT tomorrow. 6/9/23 JS Fixed",,,,
US5878688,PVR: Hotkey BMT DSK/OSE Group,,Jennifer Salazar,Team: Pega Prefects,Accepted,6/12/2023,Acceptance criteriaWhen adding a record to the Hotkey DSCY Code BMT I need DSK/OSE to be an option in addition to the existing drop down selections 6/23 JS Pass ,,,,,
US5996580,PVR:  Change Contact for Generated Letters &  Manually Moving Case Status (S.15),,Ashlee Guillermo,Team: Pega Prefects,Accepted,7/14/2023," When a case just had a letter generated (e.g., in init letter review, reminder letter review), a new button will allow the case to be updated/synced with any new contact information that is in the pharmacy contact preference BMT.  The checkbox will be called """"Update latest contact info"""" 8/16 AG:  Fail.  PVR-0823-3, PVR-0823-4 contact info was updated on the Pharm Contact BMT during init letter review.  Checkbox to update the contact info was marked but letter was sent to the original contact info.  Also, I was not able to test consolidated pharmacies.  Is it possible to retest this?  8/18 AG:  PASSOnce the button has been checked, the case correspondence will be updated and when the letter is to be sent out, PARP will send the letter with the latest contact info.When a case is in a corr fail status and the contact info is confirmed correct (e.g., correct fax number) and a letter has to be sent outside of PARP, the user must have the ability to move the case status manually forward to the next adjacent status.  8/18 AG:  Will only be able to move to next status if the case is not part of a consolidation group.  If part of a consolidation group, the option will not be available. 8/18 AG:  PASSFor instance, if the case is in init corr failed and the fax capability in PARP continues to fail even though the fax information is correct, and the user is able to send the fax successfully using their individual RightFax account, then the user must be able to move that case to Init Waiting for Response.   For instance, if the case is in reminder corr failed and the fax capability in PARP continues to fail even though the fax information is correct, and the user is able to send the fax successfully using their individual RightFax account, then the user must be able to move that case to Final Waiting for Response. 8/4/2023 AG:  Tested for non-chain and passed. 8/7 AG:  Tested with chain and it did not work.For instance, if the case is in results corr failed and the fax capability in PARP continues to fail even though the fax information is correct, and the user is able to send the fax successfully using their individual RightFax account, then the user must be able to move that case to next appropriate status depending on the logic set up in the system (e.g, if no discrepancy or PVR results letter should not generate, case will move to Ready for FAFR). 8/4/2023 AG:  Tested for non-chain and passed.When a user moves a case to the next status manually, a case note will be required and the audit trail will show that the case was manually moved to the next status.8/16 AG:  When a user moves a case to the next status manually and the case is part of a consolidation, a pop up reminder will appear to the user to remind the user that the case is part of a consolidation.   Message will read:   """"This case is part of a consolidation group. If you sent the communication outside of PARP, all cases in this consolidation group must be updated manually, including sending the PVR letter and updating the status.""""","8/4 AG:  @Vineeth Yerramsetti , I was not able to test #1, #2, #3 acceptance criteria because there are no cases in those statuses at this time.  Also, what happens when it is a consolidation and we move the case forward?   When the other cases are part of the consolidation, does the consolidation email exclude the claim that was sent manually?  Should we have this option for consolidated pharmacies?8/7 AG:  @Vineeth Yerramsetti , I used PVR-0823-2, while it was in Reminder letter review.  I updated the pharmacy contact for this chain code to my email address of guillerm.ax@Optum.com and saved. When the letter sent, it sent to orxpvr@Optum.com8/16 AG:  Per Srikanth, for #1 and #2 below, if the pharmacy is part of a consolidation, then Vineeth has updated the logic to allow for the contact info to be updated when the change is email to email.   However, for any other scenarios (e.g., email to fax), the button will not work to update the contact info. If the pharmacy is not part of a consolidation, then any change (email to email, fax to fax, fax to email, email to fax) can be updated with the button.    In addition, dev team will add a pop up reminder for #3 below for when a user is trying to manually move a case and it belongs to a consolidation.   A reminder to the user that all cases in the consolidation must be manually moved will be present.   @Vineeth Yerramsetti , I added #5 below based on today's discussion.  8/18 AG:  Strike out #5 below.  Will only be able to move cases that are not part of a consolidation group. ",,,,
US5760725,PVR:  Regenerate Reminder & Results Letter,,Ashlee Guillermo,Team: Pega Prefects,Accepted,5/10/2023,"When the consolidation has occurred for the day and the reminder/results letter needs to be regenerated for the next consolidation event.  The date on the regenerated letter should be the next business day, taking into consideration weekends.",6/16/2023 AG:  Tested with reminder corr failed and letter gen failed on a Friday and the consolidated email had Monday's date when regenerated.  PASS.,,,,
US5761463,PVR:  Pharmacy Contact (S.11),,Ashlee Guillermo,Team: Pega Prefects,Accepted,5/10/2023,"Outside of the pharmacy preference contact BMT (e.g., Init Corr Fail, Reminder Corr Failed, Results Corr Failed), when a user selects edit to update the contact info that is not part of a consolidation group or chain code,  PARP will allow the user to record the date of the request, method of request, name of the requester, and reason for edit (see screen shot below). These additional fields must be required fields in order for the user to save the changes.   7/11 AG PASSWhen the user enters the required fields, PARP must auto-stamp the user's name.  See screen shot for example. 7/11 AG PASSThe information collected in the fields in #1 above and the user's name will be added to the Contact Comments field of the Pharmacy Contact Preference BMT.  Example:  Date of Request:12/30/2022, Method of Request: EMAIL, Name of the requester: Bob Smith, Reason for Edit: Pharmacy does not have fax number any longer, User: Jane Doe 7/11 AG PASSIf a preferred contact is set to Mail, PARP will move the letter generated to a corr failed queue.   For instance, if the initial PVR request letter was generated, the PVR request letter will go to init corr fail queue after PVR request letter review.   Another example, if the contact was updated after an initial PVR request letter was sent, after the PVR reminder letter is generated and goes through reminder letter review, the PVR reminder letter should go to a reminder corr failed status. The same will apply for results letter where it will go to results corr fail.  7/11 AG PASS FOR PHARM CONTACT; WAS NOT ABLE TO SEE THIS FOR INIT LETTER; WAITING FOR pvr0723-639 REMINDER LETTER ON JULY 12 TO SEE IF IT GOES TO REMINDER CORR FAILED DUE TO MAIL. 7/12 AG : PASSOnly able to make changes when Provider Group and Chain Code are null. (CN) 7/11 AG PASS ","5/31/2023 AG:  @Neelarapu Vidya , the mock up that you showed us below will work. Thank you! 6/26 AG:  @Neelarapu Vidya , I tested this using PVR-0623-11.  I was able to change the preference to Email but the contact comments were not added.   There was an existing note in the Contact Comments and so it did not seem to take any additional comments in that field.   Also, for the Method of Request drop down, may I request Phone as a drop down selection in addition to Fax and Email?   Please also let us know how we can test during init corr fail and reminder corr fail.  Thank you! 6/27 AG:  @Neelarapu Vidya , Hi Vidya, I dropped a video to show you that the comments are not updating when I edit the contact information.6/28 AG:  @Neelarapu Vidya , Hi Vidya, I tested today with some reminder letters and I noticed that after I submitted to update the contact preference and I go to the pharmacy contact preference BMT, the notes are updated but the date as 00/28/23 instead of 06/28/23.  Also, I noticed that the only option is the """"Send Letter"""" and there is no option to  """"Generate Letter"""" and  """"Preview letter"""" before sending the letter.6/30 AG:  @Neelarapu Vidya , I was able to test with results letter and it worked.  Only thing is that the Method of Request did not include phone.   I am unable to test the init (error messages today) and reminder pharm (no cases in reminder status) contact today.   Fixed.7/5/2023 AG:  @Neelarapu Vidya , a new user story US5952102 was put in for DKS/TNM/INM.   Could we request the same:  Allow users to select one time update only that does NOT change the BMT (1) This will allow faxes or emails to be pushed through to get it out for one off reasons (2) We will want visibility/tracking on when this is item is selected. It can be a report that contains the case number, user who completed action, and pharm contact information that was used at that time  @Ashlee Guillermo  This can be updated in neerajs story US59521027/6 AG:  @Neelarapu Vidya , tried to edit contact for init corr failed (PVR  but received error message below.  Also, please remove Phone from the Preferred Contact option.    ",,,,
US5774616,PVR: Moving Faxes to Corr Failed When No Confirmation From RightFax (S.12),,Jennifer Salazar,Team: Pega Prefects,Accepted,5/15/2023,"Acceptance Criteria:When a fax is pending and there is no confirmation from RightFax, I need the system to move the case status to the corresponding Corr Failed (e.g. init, reminder, or results) queue 2 hours after the initiation of the fax.",,,,,
US5760725,PVR:  Regenerate Reminder & Results Letter,,Ashlee Guillermo,Team: Pega Prefects,Accepted,5/10/2023,"When the consolidation has occurred for the day and the reminder/results letter needs to be regenerated for the next consolidation event.  The date on the regenerated letter should be the next business day, taking into consideration weekends.",6/16/2023 AG:  Tested with reminder corr failed and letter gen failed on a Friday and the consolidated email had Monday's date when regenerated.  PASS.,,,,
US5761463,PVR:  Pharmacy Contact (S.11),,Ashlee Guillermo,Team: Pega Prefects,Accepted,5/10/2023,"Outside of the pharmacy preference contact BMT (e.g., Init Corr Fail, Reminder Corr Failed, Results Corr Failed), when a user selects edit to update the contact info that is not part of a consolidation group or chain code,  PARP will allow the user to record the date of the request, method of request, name of the requester, and reason for edit (see screen shot below). These additional fields must be required fields in order for the user to save the changes.   7/11 AG PASSWhen the user enters the required fields, PARP must auto-stamp the user's name.  See screen shot for example. 7/11 AG PASSThe information collected in the fields in #1 above and the user's name will be added to the Contact Comments field of the Pharmacy Contact Preference BMT.  Example:  Date of Request:12/30/2022, Method of Request: EMAIL, Name of the requester: Bob Smith, Reason for Edit: Pharmacy does not have fax number any longer, User: Jane Doe 7/11 AG PASSIf a preferred contact is set to Mail, PARP will move the letter generated to a corr failed queue.   For instance, if the initial PVR request letter was generated, the PVR request letter will go to init corr fail queue after PVR request letter review.   Another example, if the contact was updated after an initial PVR request letter was sent, after the PVR reminder letter is generated and goes through reminder letter review, the PVR reminder letter should go to a reminder corr failed status. The same will apply for results letter where it will go to results corr fail.  7/11 AG PASS FOR PHARM CONTACT; WAS NOT ABLE TO SEE THIS FOR INIT LETTER; WAITING FOR pvr0723-639 REMINDER LETTER ON JULY 12 TO SEE IF IT GOES TO REMINDER CORR FAILED DUE TO MAIL. 7/12 AG : PASSOnly able to make changes when Provider Group and Chain Code are null. (CN) 7/11 AG PASS ","5/31/2023 AG:  @Neelarapu Vidya , the mock up that you showed us below will work. Thank you! 6/26 AG:  @Neelarapu Vidya , I tested this using PVR-0623-11.  I was able to change the preference to Email but the contact comments were not added.   There was an existing note in the Contact Comments and so it did not seem to take any additional comments in that field.   Also, for the Method of Request drop down, may I request Phone as a drop down selection in addition to Fax and Email?   Please also let us know how we can test during init corr fail and reminder corr fail.  Thank you! 6/27 AG:  @Neelarapu Vidya , Hi Vidya, I dropped a video to show you that the comments are not updating when I edit the contact information.6/28 AG:  @Neelarapu Vidya , Hi Vidya, I tested today with some reminder letters and I noticed that after I submitted to update the contact preference and I go to the pharmacy contact preference BMT, the notes are updated but the date as 00/28/23 instead of 06/28/23.  Also, I noticed that the only option is the """"Send Letter"""" and there is no option to  """"Generate Letter"""" and  """"Preview letter"""" before sending the letter.6/30 AG:  @Neelarapu Vidya , I was able to test with results letter and it worked.  Only thing is that the Method of Request did not include phone.   I am unable to test the init (error messages today) and reminder pharm (no cases in reminder status) contact today.   Fixed.7/5/2023 AG:  @Neelarapu Vidya , a new user story US5952102 was put in for DKS/TNM/INM.   Could we request the same:  Allow users to select one time update only that does NOT change the BMT (1) This will allow faxes or emails to be pushed through to get it out for one off reasons (2) We will want visibility/tracking on when this is item is selected. It can be a report that contains the case number, user who completed action, and pharm contact information that was used at that time  @Ashlee Guillermo  This can be updated in neerajs story US59521027/6 AG:  @Neelarapu Vidya , tried to edit contact for init corr failed (PVR  but received error message below.  Also, please remove Phone from the Preferred Contact option.    ",,,,
US5774616,PVR: Moving Faxes to Corr Failed When No Confirmation From RightFax (S.12),,Jennifer Salazar,Team: Pega Prefects,Accepted,5/15/2023,"Acceptance Criteria:When a fax is pending and there is no confirmation from RightFax, I need the system to move the case status to the corresponding Corr Failed (e.g. init, reminder, or results) queue 2 hours after the initiation of the fax.",,,,,
US5322470,PVR: Daily Claim Load BMT,,Jennifer Salazar,Team: Pega Prefects,Accepted,1/19/2023,Acceptance Criteria:I need the ability to update the Minimum number of claimsShould never be blankShould be an integerValue can be 04/24 AG added this criteria which Vidya already added:   Only 1 record can exist at all timesHeaders should includeMinimum Claims (required field/numeric)Created Date/TimeCreated ByUpdate Date/TimeUpdated By  Minimum ClaimsCreated Date/TimeCreated ByUpdate Date/TimeUpdated ByRequired Field/Numeric     ,4/24 AG:  @Neelarapu Vidya - thanks for adding a validation that only entry is allowed in this BMT!  ,,,,
US5533268,PVR: PVR Limit by NCPDP BMT (S.08),,Jennifer Salazar,Team: Pega Prefects,Accepted,3/16/2023,"Acceptance Criteria: Column Headers   NCPDP  Daily  Weekly  Monthly  Quarterly  Annually  Created Date/Time  Created By  Updated Date/Time  Updated By   System should not allow for duplicate NCPDP entries (""""duplicate entry exists"""") Daily, Weekly, Monthly, Quarterly, Annually columns should only accept numeric values (integers) Each NCPDP should only have a numeric value > 0 in one of the columns (e.g. if a user tries to  enter a value in  the daily and weekly column, the system will produce an error message """"max one entry  > 0 per NCPDP"""")  If an NCPDP is listed in the table, the system should require a numeric value > 0 in one of the columns All columns besides the column that have a value > 0 should have a value of 0 All columns should have a numeric value, otherwise an error message will display """"all fields require a numeric value greater than or equal to 0"""" There should be a reminder at the top of the BMT to alert the user to """"populate only one column with a value > 0 and  populate all other columns with a value of 0"""" Need to be able to bulk load via export/import Need to be able to enter a single entry in the configuration table","4/21 JS: per ML put 0s in other columns, changed validation criteria below4/24 CN: Daily should be before Weekly, numeric value should be >0. 4/27 JS: Passed Business Validation file attached",,,,
US5556190,PVR: DNA BMT - Separate from other flows (S.10),,Ashlee Guillermo,Team: Pega Prefects,Accepted,3/22/2023," Acceptance CriteriaThe current shared DNA BMT column names, validations, required fields, import validations must remain the same for the PVR DNA BMT.  The only change is that the BMT is being separated from the other audit flows.   Reference: US5249158 & US4724390  Validation from other user story US5249158 Scenario #1:  Duplicate RecordsGiven a DNA record  When there is an exact duplicate recordThen the record will not be saved and the user will be alerted with """"Record already exists"""" - 5/23 AG FAIL Scenario #2:  Blank Records should not be savedGiven a DNA is neededWhen I enter the DNAThen there will be a requirement for at least one field (e.g., Carrier, Account, Group, Source Environment, or NCPDP) to have data in order to save.  The error message should read:   """"A Carrier, Account, Group, Source Environment, or NCPDP must be added to save"""".  This logic is already in the DSK flow but not in OSE or PVR flow.  - 5/23 AG FAIL","BMT Table Name :pega_data.pr_UHG_PBM_PVR_Data_PVRDNACarr 5/23 AG:  Per Srikanth, please make the sequence ID read only. Also remove the DNA BMT that is shared between OSE/DSK/INM/TNM from the PVR flow in PARP.@Chavala Malleswararao, Please see below for testing results.   5/23 AG:  tested by Jazmin Aceves and passed.",,,,
US5564437,PVR: UPDATE - Pharmacy Contact Preference BMT (S.07),,Christine Nguyen,Team: Pega Prefects,Accepted,3/24/2023,"Ability to prohibit duplicate entries; No more than 1 record for an NCPDP or chain code. Validation of preferred contact column: If EMAIL is indicated, then there must be a value in the Email field.   If FAX is indicated, then there must be a value in the Fax field. Validation of fax format:  If there is a fax number, the record must be exactly 10 digits. If there is a fax number in the Fax field, only one record is allowed. Update the Preferred Contact column to only allow Upper Case Entries to ensure consistency within the report. One record can have both a fax number and email address(es).   Email field should allow for more than 1 email address.  IT to confirm the necessary separator format. A record must only have an NCPDP value or chain code value but not both. For a particular Consolidation Group, must have the same Preferred Contact type, email, and fax information.    Chain code must be a 5-character alpha-numeric value. NCPDP must be a 7-character numeric value. All validation rules must exist when importing records. When an update is made to an existing record, the Updated Operator and Update Time columns must be updated with the user’s name who updated the record and the date and time in which the update was made.   The Create Date/Time and Create Operator columns must only be populated with information the very first time the record is saved and must retain the same information when the record is updated.     If a chain code is present without an NCPDP, then a consolidation group must be entered (existing functionality)","4/5 AG:  @Neelarapu Vidya , for #9 below, yes, we want a validation.  I was told that a validation rule does exist today in prod so we want the same.04/12 KP confirmed with dev team that there are no other existing functionality needed to be reviewed other than 1 - 14 below.04/12 kp test audit flow in this order: PVR (confirm), Desk, (testing order will be discussed internally on 04/12).",,,,
US5734560,PVR:  SRC ENV + CAG + Min Claims BMT Update,,Ashlee Guillermo,Team: Pega Prefects,Accepted,5/5/2023,The only change to the existing BMT is changing the column name on the UI and back end table from Claims Volume to Min Claims Volume.,,,,,
US5240920,PVR: Init Letter Failed (S.06),,Christine Nguyen,Team: Pega Prefects,Accepted,12/22/2022,"Acceptance Criteria Once the PVR is initiated, the system checks the pharmacy contact preference business managed table for preferred contact method and information. System checks pharmacy details table for fax contact information if the pharmacy contact preference is not within the business managed table and will use the fax number as the contact info.   The system will not reference or use the email address from the pharmacy details table.    System will make 3 attempts on the same day before deeming the correspondence as a failed correspondence The outgoing correspondence letter being FAXED or emailed must reflect the date when the letter is retried  When a system or user attempts to send correspondence and it is not sent successfully (unsuccessful letter generation, invalid fax number, invalid email address, server issue, etc.)  then the case status will update:   Init Gen Letter Failed when the letters failed to generate  Init Corr Failed if it was a failed PVR Request Letter    The Init Corr Failed and Init Gen Letter Failed screens will mimic the DSK Init-Corr Failed screen.  From the Init Corr Failed screen the user can update the pharmacy contact preference information When updating the pharmacy contact preference from the Corr failed screen then the Pharmacy Contact BMT will be updated with the date/time of the change For the Init Gen Letter Failed status, once a user resolves the issue, the case should continue to follow the systematic flow to the next status and not create another fax/email. The Init Gen Letter Failed status will be accessible through a different link than My Work where all auditors can access the list of PVR cases with the following columns:  (will be implemented as a part of another story for consolidation logic)   Reviewed Flag -will indicate if an auditor opened the case details  PVR ID  Offshore Restriction  Number of Claims Pharmacy Name  Pharmacy NCPDP  Current Operator  Assigned Auditor Due Date  Status  Days in Status Pharmacy State  Chain Code",3.9 JS updated; added points 7 and 803/16 [Team] For Init Corr Failed for email consolidation will be handled as part of the Email Failed story US5477293.,,,,
US5494603,PVR: Reminder Letter Review Status,,Christine Nguyen,Team: Pega Prefects,Accepted,3/8/2023,"I need the ability to review and regenerate the Reminder letter on the next day from the Reminder Corr Failed QueueIf I find any error on the Reminder Letter during reminder letter review, then the I need to check the box: """"Letter Reviewed - Do Not Send Letter""""Once """"Letter Reviewed - Do Not Send Letter"""" box has been checked, the system will move the case to the next status """"Final Waiting for Response"""" All Users have the ability to cancel the case at any status Users are require to enter the reason why they are canceling the PVR case in the pop up screen (free text). Any changes will be documented in Case HistoryI need the ability to review and regenerate the Result letter on the next day from the Result Corr Failed Queue. - unable to test due to no case in Results Corr Failed","3/22 CN: this US acceptance criteria is covered in Reminder Letter in S.06. US might not be needed for now. 4/13 CN Per Dev Team, remove acceptance criteria in this US since they're being covered in US5400602. Rewrite acceptance criteria to allow user to regenerate letter if needed4/20 CN: Per Dev Team, include scenario a user might encounter when they're reviewing the letter and how to correct it4/21 CN: Per Dev Team, rewrite US to be able to review/regenerate reminder/result letters on the follow day if they failed to be sent on the prev day. 4/27 CN: Changed #4 to have All Users have the ability to cancel the case at any status, added #6 to include pop-up screen when a user cancel the case, one button to review letter & do not sent letter",,,,
US5494608,PVR: Reminder Letter Failed (S.08),,Christine Nguyen,Team: Pega Prefects,Accepted,3/8/2023,"Acceptance Criteria: Once the Reminder Letter needs to be sent, the system checks the pharmacy contact preference business managed table for preferred contact method and information. System checks pharmacy details table for fax contact information if the pharmacy contact preference is not within the business managed table and will use the fax number as the contact info.   The system will not reference or use the email address from the pharmacy details table.    System will make 3 attempts on the same day before deeming the Reminder Letter as a failed correspondence The Reminder letter being FAXED or emailed must reflect the date when the letter is retried  When a system or user attempts to send the Reminder letter and it is not sent successfully (unsuccessful letter generation, invalid fax number, invalid email address, server issue, etc.)  then the case status will update:   Reminder Gen Letter Failed when the reminder letters failed to generate  Reminder Corr Failed if it was a failed Reminder Letter    The Reminder Corr Failed and Reminder Letter Gen Failed screens will mimic the Init-Corr Failed screen.  From the Reminder Corr Failed screen the user can update the pharmacy contact preference information When updating the pharmacy contact preference from the Corr failed screen then the Pharmacy Contact BMT will be updated with the date/time of the change For the Reminder Letter Gen Failed status, once a user resolves the issue, the case should continue to follow the systematic flow to the next status and not create another fax/email. The Reminder Letter Gen Failed status will be accessible through a different link than My Work where all auditors can access the list of PVR cases with the following columns:  (will be implemented as a part of another story for consolidation logic) 04/13 Reviewed Flag -will indicate if an auditor opened the case details PVR ID Offshore Restriction Number of Claims Pharmacy Name Pharmacy NCPDP Current Operator Assigned Auditor Due Date Status Days in Status Pharmacy State Chain Code",3/31 CN: US created per direction from DEV team,,,,
US5499833,PVR:  Connection to Inspire (Initial PVR Request Letter) (S.08),,Ashlee Guillermo,Team: Pega Prefects,Accepted,3/8/2023,"Acceptance CriteriaWe need to have a connection between PARP and Inspire for letters to be created.We need a validation that all the JSON fields will be populated into the letter.  If there are missing fields, PARP will move these PVR cases to Resolved- Canceled. case will move to init letter gen failed or reminder letter gen failed depending on whether it is an initial PVR letter or reminder PVR letter.When the cases are moved to Resolved- Canceled due to missing JSON fields, the PVR case narrative will reflect that the system moved the case from Init Letter Gen to Resolved-Canceled and the history will reflect that the case moved due to “Missing JSON fields.” - unable to test for #3 since we can't view if the case move to Resolved-Canceled statusWe need the letters to be generated on the same day as the case creation.","  33/9 AG:  If there are any missing fields where a user can update the field manually, then the PVR will move to Init Letter Gen Failed so that a user can work the PVR and update the missing fields. 4/19 AG:  attached test scenarios for Inspire and the null values that should be checked. 4/24 AG:  updated #2 acceptance criteria",,,,
US5533791,PVR: Result Corr Failed (S.08),,Christine Nguyen,Team: Pega Prefects,Accepted,3/16/2023,"Once the result letter was not sent successfully, the system will update the status to Result Corr Failed The system will make 3 attempts to resend the result letter (fax only) The system will display the """"SendOutboundCorrespendence"""" screen where I can update pharmacy preferred contact information The user can request a new letter and option to preview letter The result letter being resent must reflect the date when the letter is retried   Once the result letter has been generated, the system will update to the Result - Pending Fax",Questions from dev1) How frequent does No PVR results BMT gets updated?4/5/23 JS I think this would be updated infrequently and we could be sure to update it after hours,,,,
US5534848,PVR: PVR DocSight Testing,,Jennifer Salazar,Team: Pega Prefects,Accepted,3/17/2023,"System generated identifier (QR code, barcode, etc) is used to route inbound faxesSystem attaches documents to appropriate PVR caseSystem updates status of PVR to response ReceivedInbound fax documents that cannot be associated with an existing PVR case by DocInsight are dropped into a shared folder location Scenario 1: Automated Inbound Documentation Triage 5/23 AG - PASSGiven the specific PVRWhen the pharmacy responds via fax to a PVR request and include at least one page from that letterThe system reads the identifier from that request/findings letter and attaches the document to the appropriate PVR Scenario 2: PVR Status Update  5/23 AG - PASS Given the specific PVRWhen the document attaches to the PVRThe system will update the PVR status to Response Received Scenario 3: Failed Faxed Document  5/23 AG - PASSGiven an incoming faxed document that cannot be associated with a particular PVR (missing/damaged QR/barcode)The system will drop the document in a shared folder So that users can review and identify the PVR which the document belongs to",,,,,
US5576715,PVR: Re-Consolidating PVR Letters (S.07),,Jennifer Salazar,Team: Pega Prefects,Accepted,3/28/2023,"Letter gen failed-After letters in Letter Gen Failed status are successfully regenerated by a user,  I need the system to check for other letters being sent to that consolidation group and combine them so they are all sent together Undeliverable email-When there are consolidated letters in a Corr Failed status, I need all consolidated Corr Failed letters to be worked and resolved at one time so they can be re-sent to the consolidation group together  If a new pharmacy is added to a consolidation group within the Pharmacy Contact Preference BMT I need letters for that pharmacy to be consolidated with other letters for the same consolidation group  If a pharmacy is removed from a consolidation group within the Pharmacy Contact Preference BMT I need letters for that pharmacy to be removed from the consolidated letters for that group Given letters for scenarios 1-3, if the consolidated letters have already been sent to the consolidation group that day (e.g. it is later than 12PM EST) then the unconsolidated letter(s) should be sent individually as a one-off situation.  Scenario #1: Reconsolidation After Letter Gen FailedGiven letter generation failedWhen a user manually regenerates the letterThen the system will consolidate that letter with any other letters being sent for that consolidation group Scenario #2: Reconsolidating After Undeliverable EmailGiven Corr Failure of a consolidated group of lettersWhen the failed Correspondence is worked/resolvedWe need them to be worked/resolved as a group so that all letters in the consolidation group will be worked together Scenario #3: Adding Pharmacies to a Consolidation Group in the Pharmacy Contact Preference BMTGiven a pharmacy is added to a Consolidation Group in the Pharmacy Contact Preference BMTWhen there are other letters being sent to the same consolidation groupThen the letters for the newly added pharmacy should be consolidate with the other letters for that group before being sent Scenario #4: Removing Pharmacies from a Consolidation Group in the Pharmacy Contact Preference BMTGiven a pharmacy is removed from a Consolidation Group in the Pharmacy Contact Preference BMTWhen there are other letters being sent to the same consolidation groupThen the letters for the removed pharmacy should be removed from the other letters being sent to that group Scenario #5:Given consolidated emails have already been sent on a given dayWhen a letter(s) for the same consolidation group needs to be sentThen the system will send that letter individuallyFor example: a letter generation fails and by the time it is regenerated, it is after 12PMEST and the other letters for the consolidation group have already been sent, then the system will allow the letter to be sent individually",,,,,
US5362728,PVR:  State Audit Laws Related to Concurrent Audit BMT,,Christine Nguyen,Team: Pega Prefects,Accepted,1/31/2023,"Acceptance Criteria: I need a configurable Business Managed Table in the system where I can maintain a list of State Regulations specific to Concurrent Review.  I need the ability to update the table at any time The State Regulation table should by filterable and sortable  I need to be able to make individual edits or bulk edits The system will prevent >1 entry for a state. All fields are required  State abbreviation will be limited to 2 letters Restriction in Days will be restricted to a numeric value The Auditable LOB will allow multiple values with comma separator Same validations will exist for individual record entries as well as through import process. PARP will reference the State Audit Law BMT for the Get Next Work prioritization BMT will have reminders at the top of the screen which will say:   Type """"Any"""" if the LOB can be all client types.   Auditable LOB must match the sub-LOB column of the client weight BMT.    Scenario #1:  PVR State Regulations BMTGiven the systemWhen the business needs to maintain a list of PVR state regulationsThen the system will have a configurable table where the state regulations will be housed; the table will be called PVR State Audit Laws  Scenario #2: Updating PVR State Regulation List Given the PVR State Audit Laws Table When I need to make an update (add, edit, delete a record) to the tableThen the system will allow me to make the update at any time Scenario #3: Fields in the State Audit Laws TableGiven the PVR State Audit Laws Table The Table will have the following fields, in the order below, that are sortable and filterable: Seq ID - system generated and should not be allowed to be edited. Pharmacy State Abbreviation Restriction In Business Days Auditable LOB Create Date/Time Create Operator Update Date/Time Update Operator  Scenario #4: Individual or Bulk Changes Given the PVR State Audit Laws Table When I need to make an update (add, edit, delete a record) to the tableThen the system will allow me to make individual updates or upload a bulk update and where an import form can be downloaded. Scenario #5:  >1 record for a stateGiven the PVR State Audit Laws Table When I enter new recordsThen the system will prevent me from entering another record for the same state. The error will read:  """"Record for this state already exists."""" Scenario #6:  Required FieldsGiven the PVR State Audit Laws Table When I enter new recordsThen the system will require that I enter the Pharmacy State Abbreviation, Restriction in Business Days, and Auditable LOB fields Scenario #7:  State abbreviation will be limited to 2 lettersGiven the PVR State Audit Laws Table When I enter new recordsThen the system will ensure that I only enter 2 letters for the state abbreviation.   Scenario #8: Restriction in Business DaysGiven the PVR State Audit Laws Table When I enter/edit recordsThen the system will ensure that the Restriction in Business Days will be a numeric value. Scenario #9: The Auditable LOB will allow multiple values with comma separatorGiven the PVR State Audit LawsWhen I enter/edit recordsThen the system will ensure that I can enter multiple values with comma separator in the Auditable LOB column Scenario #10:  Same validations will exist for individual record entries as well as through import process.Given the PVR State Audit LawsWhen I enter/edit records using the import processThen the system will ensure that the same validations exist as when I enter/edit records individually. Scenario #11:   PARP will reference the State Audit Law BMTGiven PVRs are initiatedWhen PVR fails to initiate (statuses:  Init Letter Gen Failed, Init Corr Failed)Then the Get Next function in the Auditor work landing page will prioritize the states on the state audit laws BMT to prioritize the Get Next Work by claim submission date (oldest to newest). Scenario #12:  The state audit law BMT will have reminders at the top of the pageGiven the PVR State Audit Laws BMTWhen I access the tableThen I will see reminders at the top of the screen which will read:  Type """"Any"""" if the LOB can be all client types.   Auditable LOB must match the sub-LOB column of the client weight BMT.",02/28 Possibly Sprint 06,,,,
US5478900,PVR:  Client Weight BMT - Add Sub-LOB,,Ashlee Guillermo,Team: Pega Prefects,Accepted,3/2/2023,"The new column called Sub-LOB will be placed in between the LOB and Source EnvironmentID columns The new column will allow the choices of:  Commercial, Commercial/HIX, Exchange, Medicaid, Medicare, free text, and blank The Sub-LOB column will not be a required field Existing validation rules for the BMT must be retained. Add drop down values for LOB as follows:                 UHCCS                  UHCMR                  UHCEI                  APAS                  CastiaRx                  STANDARD            On import, the same validations will exist as entry of individual records and will include the validation of the words Commercial, Commercial/HIX, Exchange, Medicaid, Medicare if a value for Sub-LOB is entered and UHCCS, UHCMR, UHCEI, APAS, CastiaRx, and Standard if LOB is entered. Sequence ID field is not editable and must not allow a user to enter random numbers.","03/16 free text or dropdown choices- Ashlee will decide.3/17 AG:  removed """"free text"""" from drop down of sub LOB since Pega will not allow option.   Added #4-7 below.",,,,
US5240924,PVR: Granting Extensions,,Christine Nguyen,Team: Pega Prefects,Accepted,12/22/2022,"Acceptance Criteria: While the case is in """"Init-Waiting for Response"""" status the user can select the option to 'grant extension' in the system to indicate when extension request is allowed System adds 3 calendar  business days to the original due date User is required to enter reason for extension (free text) System captures username and date/time extension grant System allows for initial documentation for record to be receive through the new due date    If granting extension before reminder letter, then we will send reminder letter with new due date. If granting extension after reminder letter, then we don't need to send the letter Scenario #1: User grants an extension in the systemGiven a pharmacy requests an extension to the initial request for recordsWhen the user selects the option to grant extension to a case in the systemThen the system will update the original due date by adding 3 more business days  Scenario #2: Documenting the extension in the systemGiven a user chooses the grant extension option in the systemWhen the option is chosenThen the system will require the user to enter a reason for the extension (free text) and the system will capture the username and the date and time Scenario #3: System pushes due date outGiven the extension was grantedWhen the user selects the option to extend in the systemThen the system will allow for records to be received through the new due date Scenario #4: Initial Audit Records Received Request Response (within new due date)Given a pharmacy responds to the initial audit records request  PVR request for records within new due dateWhen a system successfully captures the inbound correspondenceThen the system indicates update the status to """"""""ready for review""""""""  """"Response Received"""" Scenario #5: Initial Audit Records Request No Response (not within new due date)Given a pharmacy does not respond to the initial audit records PVR request for records within new due dateWhen the new due date has passed Then the system indicates   update the status to """"""""No Response to initial request""""""""  Interrelated User Stories:Audit Timeframe Due DateAudit Timeline-Pharmacy Responses to Initial Records RequestCase StatusWorklist Status",,,,,
US5477293,PVR: Failed Emails,,Jennifer Salazar,Team: Pega Prefects,Accepted,3/2/2023,"Acceptance Criteria: If a user attempts to send correspondence via email (Init, Reminder, Results) and the email is not delivered successfully (invalid email address, server issues, etc.) the PVR will move to Correspondence Failed status   PVR Request letter-> Init Corr Failed  Reminder letter-> Reminder Corr Failed  Results letter-> Results Corr Failed   When the PVR is opened, the contact preference screen is shown so information can be updated or the correspondence can be resubmitted Updates made to the contact comments in the contact preference screen will update the Update TimeStamp on the BMT as well with the correct date/time of the change.  When there is a failed email, we need it to be documented in the Case History and Narrative section in the Audit Detail Tab Scenario #1: Email FailsGiven correspondence is sent via emailWhen the email is not delivered successfullyThen the PVR will move to Corr Failed status Scenario #2: Retry failed emailGiven a failed email in Corr Failed statusWhen the user opens the PVRThen they will be taken to the contact preference screen where they can retry the email or update the contact information Scenario #3: Updating Pharmacy ContactGiven a user updates the pharmacy contact information from the Init Corr Failed screenWhen the update is madeThen the Pharmacy Contact information screen will also be updated and will capture the date/time of the  change Scenario #4: Document in Audit History/Narrative sectionGiven a failed emailWhen the user access the Audit Trail section in Case Details TabThen they will see the failed email status documented in the Case History and Narrative sections",,,,,
US5522387,PVR: Failed Emails (Spike),,Jennifer Salazar,Team: Pega Prefects,Accepted,3/15/2023,"Acceptance Criteria: If a user attempts to send correspondence via email (Request letter, Reminder, Results) and the email is not delivered successfully (invalid email address, server issues, etc.) the PVR will move to Correspondence Failed status   PVR Request letter-> Init Corr Failed  Reminder letter-> Reminder Corr Failed  Results letter-> Results Corr Failed   When the PVR is opened, the contact preference screen is shown so information can be updated or the correspondence can be resubmitted Updates made to the contact comments in the contact preference screen will update the Update TimeStamp on the BMT as well with the correct date/time of the change.  When there is a failed email, we need it to be documented in the Case History and Narrative section in the Audit Detail Tab Scenario #1: Email FailsGiven correspondence is sent via emailWhen the email is not delivered successfullyThen the PVR will move to Corr Failed status Scenario #2: Retry failed emailGiven a failed email in Corr Failed statusWhen the user opens the PVRThen they will be taken to the contact preference screen where they can retry the email or update the contact information Scenario #3: Updating Pharmacy ContactGiven a user updates the pharmacy contact information from the Init Corr Failed screenWhen the update is madeThen the Pharmacy Contact information screen will also be updated and will capture the date/time of the  change Scenario #4: Document in Audit History/Narrative sectionGiven a failed emailWhen the user access the Audit Trail section in Case Details TabThen they will see the failed email status documented in the Case History and Narrative sections",,,,,
US5534039,PVR: Init/Final Waiting for Response Status (S.07),,Christine Nguyen,Team: Pega Prefects,Accepted,3/17/2023,"Once either the Init letter has been sent successfully, the system will update the PVR case status to Init Waiting for Response Once the Reminder letter has been sent successfully, the system will update the PVR Case status to Final Waiting for Response When the pharmacy sent the requested documentation, the system will recognize the barcode and automatically attach the documentation to the case03/17-Team. If the document was unable to systematically attach, then the user has the ability to attach the document to the correct PVR case in the Attachment section   There should be a checkbox that user can click and it will take them to the screen to attach documents  Checkbox should be available in the following queues:                                                            Init Waiting for Response: Fax/email has been sent and we are waiting for response                Ready for Reminder-PVR has reached the 50% point in days until due                Pending Reminder Generation - Request sent to Inspire team*automation                Reminder Letter Gen Failed                Reminder Letter Review                Reminder Pending Fax-Reminder letter fax sent and waiting for acknowledgement                Reminder Corr Failed-Reminder letter fax/email failed to go through                Final Waiting for Response-Reminder letter successfully sent and we are waiting for response                No Response- No response received from the pharmacy by the due date                 Response Received (already able to attach docs from this screen)                Review In Progress-Analyst has begun the review of the documents (Initial findings Screen)(already able to attach docs from this screen)                Review In Progress-Analyst has begun the review of the documents (Initial findings Screen)(already able to attach docs from this screen)                Ready for QC- auditor has marked it complete and it is ready for QC (already able to attach docs from this screen)                      Once the documentations have been attached either systematically or manually, the status will be update to Response Received","3/29/23 JS: added points 4.1 and 4.2 per discussion during the daily standup and sprint retrospective4/13/23 CN: Per Dev team, removed Pending Reminder Gen Status. ",,,,
US5549290,PVR: Letter Review Screen,,Jennifer Salazar,Team: Pega Prefects,Accepted,3/21/2023," Acceptance Criteria: I need one left navigation landing page for init letter review and another left navigation landing page for reminder letter review The landing pages should display PVRs in init letter review or reminder letter review statuses with the following column headers:Reviewed FlagPVR IDPharmacy NamePharmacy NCPDPCurrent OperatorAssigned AuditorDue DateStatusDays in StatusPharmacy StateOffshore RestrictedChain Code When I click on the PVR from the landing page I need to be able to preview the letter I need a button to mark the PVR as reviewed I need to be able to save after I check the reviewed button Once I have checked the reviewed button and saved, then the flag will update to reviewed in the first column on the landing page At the designated time, all the PVRs will update from letter review to the next status (is this point necessary to the story?) 3/22 - removed (CN)",,,,,
US5400602,PVR: Courtesy Reminder Letter (Email/Fax),,Christine Nguyen,Team: Pega Prefects,Accepted,2/9/2023,"Acceptance Criteria:  If the Pharmacy has not responded to initial PVR Request and 50% of the days until due has been reached then the status will change to """"Ready for Reminder""""   If the established due date time frame is 7 business days, if records have not been received by end of business day 3.5 (system may round down to 3 when value is a decimal), then the system will update to """"Ready for Reminder"""" status  Likewise, if the established due date time frame is 14 business days, if records have not been received by end of business day 7, then the system will update to """"Ready for Reminder"""" status  Likewise, if the established due date time frame is 10 business days, if records have not been received by end of business day 5, then the system will update to """"Ready for Reminder"""" status    If the Reminder letter generation fails, the status will update to Reminder Letter Gen Failed The system will send a reminder letter to the pharmacy or chain according to the pharmacy contact preference BMT Once the reminder letters have been completed, the status will update to """"Reminder Letter Review""""  Once the reminder letter is in """"Reminder Letter Review"""" status, there will be a 2-hour delay before consolidation occurs to allow the business to address any failed letter generations (so that consolidation can occur for those emails) and to spot check letters.   Once the reminder letter has been sent the status will update to """"Reminder Pending Fax""""  FAX will state SUBJECT LINE: """"Secure: OptumRx Notification - Action Required - Reminder Notice"""" FAX BODY: The attached letters have not been responded to and are approaching the due date. A response is required within by the due date of the original letter. If no response is received by the due date the Prescription Validation request will be processed as no response received. Please note if responding to this email with attachment(s), our file size limit is 14MB per attachment. We accept multiple emails or zip file(s) if needed. """" The due date in the reminder letter should be the same as the due date in the successfully sent original letter If the reminder letter fail the status will be updated to """"Reminder Corr Failed"""" After the system confirms that the reminder letter has been sent successfully then the status will update to """"Final Waiting for Response"""" and the date the letter was sent should be displayed in the correspondence tab of the Case Audit Details If granting extension before reminder letter, then we will send reminder letter with new due date. If granting extension after reminder letter, then we don't need to send the letter(This will covered as part of user story US5240924)",,,,,
US5400627,PVR: Consolidate Emails for Same NCPDP,,Christine Nguyen,Team: Pega Prefects,Accepted,2/9/2023,"Acceptance Criteria: All PVR cases for the same NCPDP should be consolidated into one email The letter will have a barcode to tie it to the case in PARP,  all claims for the same NCPDP will be include on the Records Transmittal Page (see screenshot) If the consolidation group is present in the Pharmacy Contact BMT, then all of  the letters will be consolidated by chain code the specified consolidation group.  Consolidated letters would be emailed the same time according to the PVR status   Init PVR Request - 12 PM ET  Pending Consol - email as soon as the letters are ready   Reminder - 2PM ET  Pending Consol - email 10am PST  Result Pending Consol - email at 7PM ET 4pm PST   If an email has already been sent to a NCPDP or Chain on a given day, the system should not select additional claims for that NCPDP or Chain in the same day so as to avoid sending multiple emails in the same day While the letters are being consolidated the PVR status should be """"Init Pending Consol"""" Once the consolidated emails have been successfully sent then the status will update to """"Init Waiting for Response"""" When the PVR status is """"Ready for Reminder"""", the system will consolidate all the reminder letters from the same NCPDP or chain pharmacies into one email.  While the letters are being consolidated, the status should be """"Reminder Pending Consol""""  When the PVR status is """"Results Pharm Contact"""", the system will consolidate all the result letters for the same NCPDP or chains (except for the chains who receive weekly PVR report) into one email.  Once the letters are being consolidated, the PVR status should be """"Result Pending Consol"""" Once letters have been prepared by Inspire, there will be a 2-hour delay before consolidation occurs to allow the business to address any failed letter generations (so that consolidation can occur for those emails) and to spot check letters.    The Initial Letter Date in PVR Detail Tab will be update with the new date once the Init letter has been sent  Scenario #1: Consolidating claims for one NCPDPGiven ML has selected more than 1 claim for an NCPDP and they have been loaded into PARPWhen the claim is ready to be sent in the PVR notification letterThen the system will consolidate the claims for that NCPDPD into 1 letter Scenario #2: Include all claims for an NCPDP on the Records Transmittal PageGiven claims for an NCPDP have been consolidated into one letterWhen the letter is sentThen all claim numbers for that NCPDP will be include on the Records Transmittal Page Scenario #3: Batching emails by Consolidation GroupGiven letters have been consolidated by claims for the same NCPDPWhen those NCPDPDs are included in the consolidation group in the Pharmacy Contact BMTThen the system will consolidate the letters under a single email to the same consolidation group Scenario #4: Sending consolidated chain letters base on the PVR statusGiven letters for NCPDPs have been consolidate by consolidation groupWhen the PVRs are ready to be sentThen the system will send them base on their status Init Pending Consol - Email as soon as they are ready Reminder Pending Consol - Email at 10am PST (7am EST) Result Pending Consol - Email at 4pm PST (1pm EST) Scenario #5: Preventing multiple emails to a pharmacy in the same dayGiven a new claim needs to be selected for PVR in order to meet the 1300 claim per day goalWhen an email has already been sent to an NCPDP or chain on a given dayThen the system will not select another claim from that same NCPDP or chain in the given day (to avoid sending more than 1 fax per day to an NCPDP or chain) Scenario #6: Init Pending ConsolGiven the system is searching for the claims for the same NCPDP or chainWhen the letters are being consolidatedThen the status should change to """"Init Pending Consol"""" Scenario #7: Init waiting for ResponseGiven the letters have been successfully sent to the pharmacyWhen the status is being updatedThen the status should change to """"Init Waiting for Response"""" Scenario #8: Reminder Pending ConsolGiven the PVR status is """"Ready for Reminder""""When the system is consolidating the same claims to send a reminder letter to the same NCPDP or chainThen the status should be """"Reminder Pending Consol"""" Scenario #9: Results Pending Consol Given the PVR status is """"Result Pharm Contact""""When the system is consolidating the same claims to send a result letter with finding to the same NCPDP or chain, except for the chain who receives weekly reportThen the status should be """"Result Pending Consol""""   ",3/2 AG:  Remove #1 and #2 from user story as the cases are created as 1 NCPDP per case in case creation. The business would like there to be a retry if the consolidation fails.   #12 user acceptance criteria added to user story. 3/6 CN: Added #13 for Init Letter Date in PVR detailed tab to be update once letter has been sent.  3/9 AG:   Struck out the Init Pending Consol and Reminder Pending Consol due to discussion with Pega team.   Consolidation group is determined at case creation already.   Updated the times that the letters should send.   ,,,,
US5400630,PVR: No Response to Records Request,,Christine Nguyen,Team: Pega Prefects,Accepted,2/9/2023,"Acceptance Criteria: On the day after the due date for a given PVR, if records from the pharmacy have not been received then the status will update to """"No Response"""" Auditors working the """"No Response"""" Queue will be routed PVRs in """"No Response"""" status when they hit the Get Next The No Response screen can mimic the DSK Prelim or Final No Response screens The user will need to confirm if a response has been received (Drop down """"No response received"""" or """"Response received"""" before they can proceed) If user indicates that documents were received the system will prompt them to attach the documents and to record the date the documents were received (both are required and user cannot proceed without completing both) Once user attaches the documents, then the audit will proceed to the next step and status will update to """"Response Received""""  Scenario #1: No Response by Due DateGiven a request for records has been sent to a pharmacyWhen it is one day past the due dateThen the system will  update the case status to """"No Response"""" Scenario #2: Working No Response queueGiven a case is in """"No Response"""" statusWhen the case is opened in the No Response screenThen the system will ask the user to confirm that the pharmacy did not respond (response is required in order to proceed) Scenario #3: Documents received needed manual attachmentGiven documents were receivedWhen the user indicates that documents were receivedThen the system will prompt the user to attach the documents and record the date the documents were received before they can proceed Scenario #4: User manually attaches documentsGiven the user manually attaches the documents receivedWhen the documents are attached to the caseThen the case will move on to the next step and the status will be changed to """"Response Received""""  ",,,,,
US5400788,PVR: System Automatically Sends PVR Request Letter (Email/Fax only),,Christine Nguyen,Team: Pega Prefects,Accepted,2/9/2023,"Acceptance Criteria: I need the system to generate the PVR Request Letter with the appropriate data fields completed (JSON). Case status will be """"Pending Letter Generation"""" I need the system to access the Pharmacy Contact Preference BMT or Pharmacy Details to determine if the letter will be sent by email or by fax If the Consolidation Group in the Pharmacy Contact Preference BMT is blank then there is no need to consolidate the correspondence and should be sent as soon as the letter is ready If the pharmacy contact information is not found in the Pharmacy Contact Preference BMT, then PARP will reference the Pharmacy Details table and use the pharmacy fax number.  PARP will not use the email address found in the Pharmacy Details Table.   If the pharmacy contact information is not found in the Pharmacy Contact Preference BMT and a pharmacy fax number is not found in the Pharmacy Details table, then the PVR will be moved to Init Corr Failed If the pharmacy contact information is not found in either Pharmacy Contact Preference BMT or Pharmacy Details table then the PVR will move to the Init Corr Failed status If the fax or email fails, the status will update to Init Corr Failed after 3 attempts (attempts made every 15 10 mins) If the fax or email is successful, the status will update to Init Waiting for Response Once letters have been prepared by Inspire, there will be a 2-hour delay before email/fax is to go out, to allow the business to address any failed letter generations and to spot check letters.  Email will have the following:   Subject line:   Secure:  Optum Rx Notification - Action Required #  Body of Email:   Action Required - Please see attached for Optum Rx Notification. Please note if responding to this email with attachment(s), our file size limit is 14MB per attachment. We accept multiple emails or zip file(s) if needed.   The Initial Letter Date in PVR Detail Tab will be update with the new date once the Init letter has been sent  Scenario #1: System Generated PVR LettersGiven PVR initiation by the systemWhen the system will generate and complete the PVR Letters for each claimThen the case status will be """"Pending Letter Generation"""" Scenario #2: System Determines Pharmacy Contact MethodGiven PVR status is """"Pending Letter Generation""""When then system prepares the PVR Request LettersThen the system will access the Pharmacy Contact Preference BMT or Pharmacy Details to determine if the letter will be sent as a fax or email; Refer to scenario #4 for use of email address. Scenario #3: Consolidation Group LogicGiven the system access the Consolidation Group in the Pharmacy Contact Preference BMTWhen the Consolidation group is blankThen there is no need to consolidate the correspondence and the letter should be send as soon as they're ready  Scenario #4:  Pharmacy Details -  Use Fax Number OnlyGiven a PVR Request Letter is being sent electronicallyWhen the pharmacy contact information is not found in the Pharmacy Contact Preference BMT, then PARP will reference the Pharmacy Details table and use the pharmacy fax number.  PARP will not use the email address found in the Pharmacy Details Table. So that the correspondence can be sent to a more reliable contact type.    Scenario #5:   Pharmacy Details - No Fax Number AvailableGiven a PVR Request Letter is being sent electronicallyWhen the pharmacy contact information is not found in the Pharmacy Contact Preference BMT and a pharmacy fax number is not found in the Pharmacy Details table, then the PVR will be moved to Init Corr FailedSo that a user can contact the pharmacy to verify the correct contact information. Scenario #6:  Init Corr FailedGiven the system search for pharmacy info in the Pharmacy Contact Preference BMT or Pharmacy Details TableWhen the pharmacy info is not found in either placeThen the case status will be """"Init Corr Failed"""" Scenario #7: Fax/email failedGiven a fax or email PVR Request LetterWhen the letter fails to be sentThen the case status will update to """"Init Corr failed"""" Scenario #8: Fax/email successfulGiven a fax or email PVR Request LetterWhen the letter was sent successfulThen the case status will update to """"Init Waiting for Response"""" Scenario #9: 2-hour delayGiven a fax or email PVR Request LetterWhen the letter generation is successfulThen there will be a 2-hour delay before email/fax is to go out, to allow the business to address any failed letter generations and to spot check letters.   Scenario #10:   Email subject line/bodyGiven an email PVR request letterWhen the email is generatedThen the email will contain: Subject line:   Secure:  Optum Rx Notification - Action Required # Body of Email:   Action Required - Please see attached for Optum Rx Notification. Please note if responding to this email with attachment(s), our file size limit is 14MB per attachment. We accept multiple emails or zip file(s) if needed.Scenario #11:Given the PVR Request letterWhen it was successfully sentThen the Init Letter Date in PVR Detail Tab will be update with the sent date","3/1 AG:  Revised user story to add #4, #5, and #7 acceptance criteria below.3/2 AG:  Added #9 user acceptance criteria based upon discussion with Pega team.3/3 AG:  Once letters are generated, PVRs will be in Init Letter Review status3/6 AG:  added #10 acceptance criteria for subject line and body of email3/6 CN: Added #11 to update Init Letter Date once letter has been sent. ",,,,
US5414721,PVR:  Automation Process to Prepare for Inspire (S.04),,Ashlee Guillermo,Team: Pega Prefects,Accepted,2/14/2023,1. Automation process to prepare files to be sent to Inspire ,2/22 AG:  If the systematic initiation of letters failed then it will move to status: Init Letter Gen Failed,,,,
US5504485,PVR: Courtesy Reminder Letter (Consol),,Christine Nguyen,Team: Pega Prefects,Accepted,3/9/2023,"  If the Pharmacy has not responded to initial PVR Request and 50% of the days until due has been reached then the status will change to """"Ready for Reminder""""   If the established due date time frame is 7 business days, if records have not been received by end of business day 3.5 (system may round down to 3 when value is a decimal), then the system will update to """"Ready for Reminder"""" status  Likewise, if the established due date time frame is 14 business days, if records have not been received by end of business day 7, then the system will update to """"Ready for Reminder"""" status  Likewise, if the established due date time frame is 10 business days, if records have not been received by end of business day 5, then the system will update to """"Ready for Reminder"""" status    If the Reminder letter generation fails, the status will update to Reminder Letter Gen Failed The system will send a reminder letter to the NCPDP according to the pharmacy contact preference BMT Once the reminder letters have been completed, the status will update to """"Reminder Letter Review"""" Once the reminder letter is in """"Reminder Letter Review"""" status, there will be a 2-hour delay before consolidation occurs to allow the business to address any failed letter generations (so that consolidation can occur for those emails) and to spot check letters.   System will consolidate all chain pharmacies selected for a reminder letter into 1 email Once the reminder letter has been sent the status will update to """"Reminder Pending Consol""""03/15 Email will state SUBJECT LINE: """"Secure: OptumRx Notification - Action Required - Reminder Notice"""" EMAIL BODY: The attached letters have not been responded to and are approaching the due date. A response is required within by the due date of the original letter. If no response is received by the due date the Prescription Validation request will be processed as no response received. Please note if responding to this email with attachment(s), our file size limit is 14MB per attachment. We accept multiple emails or zip file(s) if needed. """" The due date in the reminder letter should be the same as the due date in the successfully sent original letter If the reminder letter fails the status will be updated to """"Reminder Corr Failed"""" After the system confirms that the reminder letter has been sent successfully then the status will update to """"Final Waiting for Response"""" and the date the letter was sent should be displayed in the correspondence tab of the Case Audit Details If granting extension before reminder letter, then we will send reminder letter with new due date. If granting extension after reminder letter, then we don't need to send the letter","3/20 AG:  PVR Reminder Queue will have Pending Reminder Generation, Reminder Letter Review and Reminder Pending Fax per discussion with Pega team.3/27 AG:  Per Pega team, #12 below are going to be addressed in the granting extension user story.  ",,,,
US5482666,PVR:  Automated Job Failures (S.11),,Ashlee Guillermo,Team: Pega Prefects,Accepted,3/3/2023,"If case creation fails, we need the system to alert the business as soon as possible and to have a back-up plan to create the cases ad hoc should the automated job fails If Init/Reminder letters are not generated, we need the system to alert the business as soon as possible and to allow the business to create letters (see US5440320) ad-hoc If all email job fails, we need the system to alert the business as soon as possible and retry again at least 3 times in the next 1 hour until resolved. If the email retry persists to fail after 1 hour, we need a bulk action that allows for all emails to be sent. If the fax job fails, we need the system to alert the business as soon as possible and retry again in the next 1 hour until resolved. If the fax retry fails after 1 hour, we need a bulk action that allows for all faxes to be sent. If any email consolidation fail (Init Pending Consol or Reminder Pending Consol), we need the system to alert the business as soon as possible and retry again in the next 1 hour until resolved If consolidation email retry fails after 1 hour, we need a bulk action that allows for consolidation of emails to be completed and emails to be sent according to the email consolidation rules. Notification will be send to PARP support team and the business (OptumRx_PVR_Leaders@Optum.com) ","4/20 CN:Specified Init/Reminder Letters#4, #6, and #8 - remove for bulk action #3, #5, #7: system will alert business but there will not be any additional retryUpdate #7 (Consolidation) - to include the acceptance criteria from US5494015 (deleted)Added #9 - Notification send to PARP support and business will be when job faijobs to be considered for this storyCase CreationSend Initial Letters(Email/Fax)Send ReminderConsolidation Jobs(Initial, Reminder and Results)",,,,
US5841232,PVR:  Claim Detail Post Ready for QC,,Ashlee Guillermo,Team: Pega Prefects,Accepted,6/1/2023,"Once the case has been closed and move beyond Ready to QC (e.g., Pharm Contact, Results Corr Fail) I need the ability to expand any particular claim to view the detail of the before and after (validated) values of each claim.  This information is viewed in the Claim Details tab of the case which was created in US5707849.Audit Details Claim Flags Claim Transaction Details Auditor Editable Fields Prescriber Info AWP Discount Rate Claim Message Internal Comments  Mimic QC screen (read only mode). ",,,,,
US5403818,PVR: Review in Progress (2),,Jennifer Salazar,Team: Pega Prefects,Accepted,2/10/2023," Acceptance Criteria: We need to be able to see the attached documents received from the pharmacy for each case being reviewed When I select a claim to expand to see further details to review, I need the system to have editable fields where I can enter various data received from the pharmacy In the Case Review Screen the Audit Detail Data Fields should include (data is pre-populated by system unless designated *editable*.  Sections include:   Audit Details     PVR ID   Pharmacy Name   Pharmacy NCPDP   Audit Status   Offshore Flag       Claim / Member Details     Claim Info (Header)   Source Environment and Source Environment Name   Carrier ID   Claim Flag rename to Algo Name   Claim Number   Claim Sequence   Member Information (Header)    Member ID   First Name   Last Name   Date of Birth      Claims Drilldown / Discrepancy      Rx Number   Refill Code   Duplicate Rx Number   Duplicate Claim Number   Rx Origin Code   Rx Origin Description   Written Date   Fill Date   Submit Date   PDF Page of Audit Documentation (editable field)   Directions for Use (Editable & Required field)   Discrepancy Code 1 (Editable & Required Field)   Discrepancy Code 2 (Editable)   Hot Key 1   Hot Key 2   Submitted Days Supply   Validated Days Supply (Editable & Required Field)   Submitted Quantity    Validated Quantity (Editable & Required Field)   Drug Name   NDC Number   DEA Code   DAW   Discrepancy Comments   ML Algorithms      Prescriber Info     Prescriber First Name   Prescriber Last Name   Prescriber NPI      AWP Discount Rate  AWP Unit Cost  Prior Auth ID  Submission Clarification Code  Patient Residence Code  Client Rate  Reported ingredient Cost  MBR Plan  Pharmacy Service Type  Claim Pricing Info     Pharmacy Amount Paid   Preliminary Validated Pharmacy Paid Amt   Preliminary Overpayment Amount (auto-calculated field subtracting the Pharmacy Amount Paid from the Preliminary Validated Pharmacy Paid Amt)   Copay Amount      Response Message  PA Reason   Internal Comments (Editable)   Auto insert description of discrepancy codes into the comment field based on the code entered (see hh-kk above)-Discrepancy codes embedded in the system and auto populated in the discrepancy comments field based on which code is entered If the following discrepancy codes are entered, the system will Zero out the Validated Qty and Validated Day Supply Fields  Preliminary Overpayment (underpayment) amount will be auto-calculated by system based on Pharmacy Amount Due field minus Preliminary Validated Pharmacy amount  I need to be able to enter the data points and """"Save draft"""" I need to be able to cancel If Cancel is selected, I should get a pop-up asking if I'm sure I want to cancel and requiring me to enter a comment I need to be able to """"Submit"""" when ready.  After submitting, the case will be sent to QC (status Ready for QC) ","4/12/2023 AG:  @Gudipally Manoj Kumar Reddy , Changed name of Claim Flag to Algo Name (Please confirm that this field is pulling the Algo Name).   Also removed the ML Algorithms4/13 AG:  @Gudipally Manoj Kumar Reddy , the cancel button, save as draft and submit correlate to the bottom of the review screen as seen in Desk.  Screen shot below.4/14 AG:  Crossed out the cancel requirement to capture reason.",,,,
US5534032,PVR: Result Pharm Contact Status Screen (S.08),,Christine Nguyen,Team: Pega Prefects,Accepted,3/17/2023,"  Once a PVR case has been QC'd and there are findings, the status will be updated to Result  - Pharm Contact The user has the ability to edit the preferred Pharmacy contact in the SendOutboundCorrespendence screen (mimic OSE) The SendOtboundCorrespendence screen will have the following:   Preferred Contact Type   Pharmacy ID  Chain Code  Provider Group  Email   The user has the ability to request a result letter and preview if needed Once the result letter has been reviewed, the user can generate the letter All changes in status will be document in the PVR History and Case Narrative sections Result letter will be included in the Recent Attachments section Scenario #1: Result-Pharm Contact statusGiven the PVR case has been QC'dWhen the QC'er selected submitThen the status will be update to Result-Pharm Contact Scenario #2 - SendOutboundCorrespendence screenGiven the PVR case is in Result-Pharm Contact statusWhen the user needs to edit the preferred pharmacy contact informationThen the user can make the edit in the SendOutboundCorrespendence screen Scenario #3 - Request Result letterGiven the user is done verifying the preferred pharmacy contactWhen the result letter is ready to be submitThen the user can select Request letter Scenario #4 -Given the result letter has been requestedWhen the user is able to preview the letterThen the user can select preview and generate the letter Scenario #5 -Given the PVR case status has been updatedWhen there is a new statusThen it will be documented in the PVR History and Case Narrative sections Scenario #6 - Recent AttachmentGiven the letter has been generatedWhen there is a need to attach the result letterThen the system will attach a copy of the result letter in the Attachment section",,,,,
US5707849,PVR: Expansion Option for Closed Cases,,Christine Nguyen,Team: Pega Prefects,Accepted,4/27/2023,"Once the case has been closed and move to Resolved No Findings, Resolved FAFR Submitted or Ready for FAFR status, I need the ability to expand any particular claim to view the detail of the before and after (validated) values of each claim. 5/23 SV- Unable to check Resolved FAFR Submitted status because it is not available. Ready for FAFR status is Pass.Audit Details Claim Flags Claim Transaction Details Auditor Editable Fields Prescriber Info AWP Discount Rate Claim Message Internal Comments Current - unable to expand to view claim detail2. Mimic QC screen (read only mode).  Expansion option to view claim detail   ", 5/23 SV Unable to Test on Resolved FAFR Submitted status,,,,
US5730951,PVR:  Case Correspondence Tab,,Ashlee Guillermo,Team: Pega Prefects,Accepted,5/4/2023," Prior to the status of Review in Progress, users should have the ability to see the details in the Correspondence tab, including the duplicate claim number(s), duplicate Rx number(s), source environment, quantity and the pharmacy state. Screen shot below is where we need the additional columns. When the correspondence is expanded out, the order of the expanded columns from left to right is:Source EnvironmentCarrier IDClaim NumberPharmacy StateRx NumberFilled DateNDC Label NameDuplicate Rx NumberDuplicate Claim NumberQuantityDays SupplyApproved AmountMember IDMember First NameMember Last Name  ",,,,,
US5240725,PVR: Search Cases by PVR Case and Pharmacy Info (S.05),,Christine Nguyen,Team: Pega Prefects,Accepted,12/21/2022,"Acceptance Criteria: We need a search function to look up PVR related details for all Secure roles (auditor, superuser, manager for onshore, offshore, & house account) We need to be able to have the same search functionality and options as the Search found in OSE/DSK Audit Flows, with addition in bold font:   Search by ID:  PVR ID, PVR status, ServiceNow Ticket, or PVR date range (PVR Initiation From Date / Audit PVR Initiation To Date),   Search by Pharmacy:   Pharmacy NCPDP, Pharmacy Phone, Pharmacy Chain Code, Pharmacy NPI, Pharmacy Fax, Pharmacy Email, Dispenser Type, Pharmacy Name (Wildcard Search), Pharmacy State.   We need to be able to exclude resolved cases in the Search We need the results of the Search to be displayed at the bottom half of the screen, under the search fields, with the following column headers:  PVR ID, PVR Date, Offshore Restricted Flag, PVR Status, Chain code, Pharmacy NCPDP, Pharmacy NPI, Pharmacy Name, Pharmacy Phone, Pharmacy Fax, Pharmacy State,   Search results can be filterable and can be sorted When PVR User click on the PVR ID, the PVR details will open.    When an Offshore User click on the PVR ID and the PVR contains offshore restricted flag, they will get a pop-up that alerts the case is offshore restricted.    Scenario #1:  search function to look up PVR related details for all Secure rolesGiven the PVR teamWhen any staff member with any Secure role needs to do a SearchThen a search function will be available Scenario #2:   Search functionality and options   Given the PVR teamwhen a search is neededThen the search options are separated by tabs: Search by ID:  PVR ID, PVR status, ServiceNow Ticket, or  PVR date range (PVR Initiation From Date / PVR Initiation To Date),   Search by Pharmacy:   Pharmacy NCPDP, Pharmacy Phone, Pharmacy Chain Code, Pharmacy NPI, Pharmacy Fax, Dispenser Type, Pharmacy Name (Wildcard Search), Pharmacy State. Search by Claim:  Claim Number, Rx Number (Wildcard Search), Carrier (Wildcard Search), Account ID, Group ID, Member ID Search by GPI/NPI:   GPI Number (Wildcard Search, Prescriber NPI Scenario #3:  be able to exclude resolved cases in the SearchGiven the PVR teamwhen a search is neededThen the search will allow an option to exclude resolved cases Scenario #4:    Results of the Search to be displayed at the bottom half of the screenGiven the PVR teamwhen a search is conductedThen the results of the Search will be displayed at the bottom half of the screen, under the search fields, with the following column headers:  PVR ID,  PVR Date, Offshore Restricted Flag, PVR Status, Chain code, Pharmacy NCPDP, Pharmacy NPI, Pharmacy Name, Pharmacy Phone, Pharmacy Fax, Pharmacy State Scenario #5:  Search results can be filterable and can be sortedGiven the PVR teamwhen a search is conductedThen the column headers of the search results can be filtered and sorted Scenario #6:  When we click on the PVR ID, the PVR details will open.   Given the PVR UserWhen a search is conductedThen the PVR ID in the search results can be clicked on and the take us to the PVR details Scenario #7:  Offshore Restricted FlagGiven PVR Offshore Secure rolesWhen they click on the PVR ID with Offshore restricted CAGThen a pop-up with that alert """"Offshore Restricted"""" will appear",3/2 AG:  clarified that the search is not specific to cases that assigned to auditor only3/16 AG:  Pega team confirmed that the pharmacy email search will only search the email on the pharmacy details table. ,,,,
US5240733,PVR: Review In Progress (1) (S.07),,Christine Nguyen,Team: Pega Prefects,Accepted,12/21/2022,"Acceptance Criteria: When a user clicks on a PVR that is in Response Received Status, the user will be taken to the Review in Progress Screen When a user clicks on a PVR that is in Response Received Status, the status will update to Review in Progress When user select a case to begin the review it will display the following filterable, sortable, and movable data columns Claim details will be displayed for claims included in the case Claim headers can be sorted and filtered The details of each claim can be expanded further We need """"Batch Claim Findings"""" button in the Review in Progress screen to be able to make multiples changes to a case (mimic OSA) The following are in the Batch Claims Findings screen - all free text   PDF Page of PVR Case (eg: 1 or 1-2)  Directions for Use  Validated Qty  Validated Day Supply  Discrepancy Code 1  Hot Key 1  Discrepancy Code 2  Hot Key 2  Comments  Results Pharmacy Paid Amt   Scenario #4 Claim Detail DisplayGiven claims are ready for review When a user wants to review claimsThen he/she can see the claim details Scenario #5 Claim Detail Sort/FilterGiven claims are ready for reviewWhen a user wants to review claimsThen he/she can sort and filter by various data field headers Headers:  Claim Number Offshore Restriction Flag PDF Page No. Rx Number Duplicate Claim Number Submit Date Fill Date Drug Name Submitted Quantity Validated Quantity Submitted Days Supply Validated Days Supply Discrepancy Code 1 Discrepancy Code 2 Discrepancy Comments Over Payment Amount Approved Amount Paid Client Due Amount Carrier Member Prescriber Last Name Paid Status Reversed Date/Time (same time zone as the letter) Resubmitted Date/Time (same time zone as the letter) Review Completed    Scenario #6  The details of each claim can be expanded further (related US5403818)Given claims in a casewhen a user clicks on the down arrow to expand the row, further details of the claim will be visible. Sections include: Audit Details Claim / Member Details Claims Drilldown / Discrepancy  Prescriber Info /Claim Pricing Info PA Info / Response Message Internal Comments Scenario #7: Bulk ActionGiven a user wants to make an update or editWhen there are multiple PVR casesThen bulk action is available for the user to select multiple PVR cases Interrelated User Stories: Claim Selection Algorithm Algorithm Description PARP dashboard user story(s) TBD",,,,,
US5240936,PVR: System Tracks PVR Due Date,,Christine Nguyen,Team: Pega Prefects,Accepted,12/22/2022,"Acceptance Criteria When the PVR is initiated either by a user or by the system, the system captures the date that the PVR request letter is successfully sent (via fax or email). PVR initiation date visible in the PVR details The system tracks """"due in days"""" for pharmacy response The due date logic is 7 business days, excluding weekends and holidays as stated on the Federal Holidays BMT, from date of PVR request. A PVR is considered overdue if there is no response by 11:59PM ET on the due date.   The JSON Dispute Timeframe for Inspire is set to 7. The due date is configurable by the business if needed and would apply to new PVR requests after the change is requested.  Scenario #1: PVR Initiation DateGiven a PVR is initiatedWhen the  PVR Request letter is successfully sent to the pharmacyThen the system captures the PVR “initiation date” and tracks business days until due Scenario #2: Initiation date is reportableGiven the PVR initiation dateWhen accessing PVR detailsThen the user can see the initiation date (displayed as Initial Letter Date) Scenario #4: """"Due in Days""""Given a PVRWhen the system establishes the due of the PVRThen the system tracks """"due in days"""" for pharmacy response Scenario #5:  Due Date LogicGiven a PVRWhen a PVR Request is initiatedThen the system will use the following logic:  The due date logic is 7 business days, excluding weekends and holidays as stated on the Federal Holidays BMT, from date of PVR request Scenario #6:  Overdue TimeframeGiven a PVRWhen PVR responses are not receivedThen the system will use 11:59PM ET on the due date as the time in which documents must be marked as received.  If not received by this time, the PVR is considered overdue and the status will become No Response. Scenario #7:  Dispute TimeframeGiven a PVR letterWhen Inspire creates the Request and Reminder letterThen the letters will contain the due date (7 business days) which is the JSON: DisputeTimeframe ",3/28/23 CN: Still need to see demo for #5. ,,,,
US5240941,PVR: Documentation Received from Pharmacy (S.07),,Christine Nguyen,Team: Pega Prefects,Accepted,12/22/2022,"Acceptance Criteria: When records are received from the pharmacy the system will recognize the QR code on the letter or fax cover sheet and attach the records to the associated PVR in PARP When records are received and attached to the in-progress PVR, the status will update to """"Response Received"""" If the fax is sent without  barcode or the barcode can't be read, the fax will need to be systematically sent to a specified folder (There will be a separate US for NAS folders).   Failed attachments will be sent to: \\nasv0048\Pharmacy_Network_Audit_NAS\PVR\PARP\Failed Attachments\UAT   AND     \\nasv0048\Pharmacy_Network_Audit_NAS\PVR\PARP\Failed Attachments\PROD  The system must allow for manual records attachment to an in-progress PVR in the event that the records cannot be attached systematically The system must allow the user to upload documents and attach them to the associated PVR (mimic DSK) For manual attachment of documents, the system should require the user to enter the date documents were received For cases that are in Review in Progress, Ready for QC, Response Received status or if unintended documentation is received and attached to an open audit, the user can manually update the audit status to """"Init Waiting for Response"""" or """"Final Waiting for Response"""". Then the PVR will resume the normal workflow.    If reminder letter has been sent then status will be Final Waiting for Response but if reminder letter has not yet been sent then the status will be Waiting for Response   If a user manually attaches records to a PVR, the status will update to Records Received If records are received for some claims in the PVR but not all claims in the PVR, then the user can manually update the audit status back to """"Waiting for Response"""" or """"Final Waiting for Response"""" depending until the original due date for the PVR expires (if reminder letter has been sent then status will be Final Waiting for Response but if reminder letter has not yet been sent then the status will be Waiting for Response) Scenario #1: faxed records are received from the pharmacyGiven fax records are received from the pharmacyWhen the system detects the QR CodeThen the system will recognize the QR Code and attach the records to the associated PVR in PARP Scenario #2: Updating status when documents are receivedGiven that documents were received from the pharmacyWhen the system attaches the records to the PVRThen the status will update to Response Received Scenario #3: No Barcode availableGiven that the documents do not have a QR Code or the QR Code cannot be readWhen the fax is receivedThen the system will need to be systematically sent to a specified folder (Suggested name-""""PVR Failed Attachments"""")  (can mimic desk) Scenario #4: Manual attachment of documents to auditsGiven that the faxed documents cannot be systematically attached to the original orderWhen the faxed documents are systematically sent to the designated """"failed attachments"""" folderThen the system must allow for manual documentation attachment to the PVR in PARP Scenario #5: Attaching email documents to original auditGiven email documents are receivedWhen the email is downloaded and savedThen the system must allow the user to upload documents and attach them to the associated PVR (see example)   Scenario #6: Date documents received for manual attached documentsGiven that documents need to be manually attached to the PVRWhen the user attaches the documentsThen the system should require the user to enter the date documents were received Scenario #7: Unintended Documents attaching to auditsGiven an unintended document was attached to an auditWhen the user reviews the documentThen they can manually update the audit status to """"Waiting for Response"""" or  """"Final Waiting for Response"""" (if reminder letter has been sent then status will be Final Waiting for Response but if reminder letter has not yet been sent then the status will be Waiting for Response)  Scenario #8: Status update when records are manually attachedGiven a user manually attaches documents to a PVRWhen the documents are attachedThen the status will update to Response Received Scenario #9: Records received for some but not all claims in a PVRGiven records are received for some but not all claims in a PVRWhen the user identifies that we are missing records for some claimsThen the user can manually update the case status to """"Waiting for Response"""" or  """"Final Waiting for Response""""  (if reminder letter has been sent then status will be Final Waiting for Response but if reminder letter has not yet been sent then the status will be Waiting for Response) until the original due date expires Scenario #10: Manually updating case status to Waiting for Response or Final Waiting for ResponseGiven a user manually changes the case status to Waiting for Response or Final Waiting for ResponseWhen the manual status change is madeThen the system will maintain the original due date of the PVR Scenario #11:Given a user manually changes the case status to Waiting for Response or Final Waiting for ResponseWhen the manual status change is madeThen the PVR will follow the normal cadence of status changes based on what events that take placeExample: will update to Response Received if records are received will update to Ready for Reminder if 50% of days until due have elapsed will update to No response if due date has expired Etc. ","3/30 CN: Per direction from Pega team on 3/29 scrum call, updated the statuses in  #7 to include Review in Progress, Ready for QC and Response Received. 4/4/ AG:  When additional documents are received and a PVR is assigned to a user, then the system will send an email to notify the assigned user of the new documents received.4/5 JS: per discussion during scrum call-If documents are received when the PVR is in No response, the documents will get attached to the PVR and the status will move to Response Received andIf documents are received before a reminder letter is sent but user finds out that the documents are invalid or incomplete, the system will allow the user to move the case back to init waiting for response because the user wants a reminder letter to be sent (even though it is past the 50% mark). However,  the due date will still be kept intact so as to prevent the workflow of the PVR to continue to loop inappropriately.4/10/23 AG:  Please change the """"Unintended Document"""" button to """"Incomplete Documents.""""  Each time documents are manually attached, the date/timestamp of the successful manual attachment will be documented in the successful transmission of each correspondence ID (e.g., initial and reminder correspondence). ",,,,
US5240976,PVR: Work Landing Page (S.05),,Christine Nguyen,Team: Pega Prefects,Accepted,12/22/2022,"  Depending on the user's Secure Role, the user can select from different statuses to work Pass 3/28 JS When the user selects a status to work, then the user will be able to click a """"Get Next"""" button to begin working on the next available PVR in the selected status Pass 3/28 JS   For Init Corr Failed/Init Letter Gen Failed statuses, the system should prioritize the work in this order: Passed via emo    State (from State Audit Laws BMT) & Audit Initiation Date/Time (oldest to newest) - 3/2 AG:  consider oldest claim to newest claim by submit date after discussion with Pega team  CVS Chain codes 00008, 00039, 00123, 00177, 00207, 00608, 00673, and 00782 and Walgreens chain code 00226 (audit must be initiated within 7 business days) All other states, Audit Initiation Date/Time (oldest to newest)  For all other statuses besides Init Corr Failed/Init Letter Gen Failed, the system will prioritize the work by the date/time of audit initiation there the PVRs with the oldest initiation date/time will have priority over the PVRs with the newer date/time  (e.g. user selects a status and clicks get new, the system will send the user the PVR from that status has the oldest PVR initiation date/time first) Pass via Demo Display the volume of work in the status selection section Passed 3/28 JS The system will send the user one PVR at a time to work when they press the Get Next button Passed via Demo I can also see any PVRs that have been assigned to me on the My Work page.   Passed via Demo I can work the PVR that is assigned to me by selecting that PVR ID or select Get Next to work  the next available PVR when I have completed the last PVR case I was working on. Passed via Demo If there is work assigned to me, I will see the following columns on the landing page whether offshore/onshore: Pass 3/28 JS PVR ID Offshore Restriction Pharmacy Name Pharmacy NCPDP Current Operator Assigned Auditor Due Date Status Days in Status Pharmacy State Chain Code 3/20 AG:  Add Offshore Restricted Flag since it was already developed in the My Work. ","3/2 AG:  updated acceptance criteria #3 below based on conversation with Pega team. Also updated Walgreens information.3/7: CVS Chain codes 00008, 00039, 00123, 00177, 00207, 00608, 00673, and 00782 and Walgreens chain code 00226 (audit must be initiated within 7 business days) <N>: If we are initiating all the audits on the same day , Is this prioritization needed?03/22 KP Enable work get next button only when user selects the work queue.",,,,
US5440320,PVR: Bulk Init/Reminder Letter Generation,,Christine Nguyen,Team: Pega Prefects,Accepted,2/21/2023,"Acceptance Criteria We need the system to notify the business by sending an email to Optumrx_pvr_leaders@ds.uhc.com and/or in PARP when the init letter generation within 5 minutes from when the Init Letter job failed  The subject line: Init Letter Gen Job Failed and the body of the email includes the total count of how many Init letter gen failed.  Ex: Init Letter Gen Job FailedCount: 50 Init Letters failed    3. We need the system to allow bulk action for the Init letters to be created and sent     4.  Column Headers will be: PVR ID Pharmacy Name Pharmacy NCPDP Current Operator Assigned Operator Due Date Status Days in Status Pharmacy State Offshore Restricted  Chain CodeOnce the letter has been re-generated, the status will be move to Init Letter ReviewScenario #1 - Notify business if init letter gen failedGiven the letter is in Pending Letter Generation statusWhen the letter generation job failedThen the system will alert the business in PARP and also sent an email to optumrx_pvr_leaders@ds.uhc.com Scenario #2 - Bulk action for init letter gen failedGiven the letter is in Pending Letter Generation statusWhen the letter generation job failed for init lettersThen the system will allow bulk action for the init letters to be created Scenario #3 - Move to Init Letter Review statusGiven the Init letter has been re-generateWhen the Init letter are readyThen the status will be move to Init Letter Review  ","03/01 Bring this story in Sprint 06.3/22 JS Per PEAG team, need to split this in to 2 US; 1 for init letter and 1 for reminder letter and need to add column headers3/29 CN: Bulk letter gen only be for those PVR cases that have not been assigned to a User 4/4 AG:  Per Ravi, Bulk Reminder Letter Gen will be part of this user story and we don't need a separate user story.",,,,
US5445981,PVR:  Bulk Financial Recoveries Screen (S.09),,Ashlee Guillermo,Team: Pega Prefects,Accepted,2/22/2023,"Screen consists of the same actions (Submit, Generate Books and Download Books for Book A FAFR Report and Book O FAFR Report) and filters as the DSK/OSE flow. 5/23 EH-PassCase table consists of the same data fields as the DSK/OSE flow, with exception of Audit ID which will be called PVR ID. 5/23 EH-PassAll data fields in the table can be sorted and filtered. 5/23 EH unable to validate due to no cases availableMultiple cases can be selected for submission at the same time. 5/23 EH unable to validate due to no cases availableOnce a PVR has been submitted, the audit will move to status Resolved-FAFR Submitted. 5/23 EH unable to validate due to no cases availableGenerated FAFRs consists of audits in Resolved-FAFR Submitted status only. 5/23 EH unable to validate due to no cases available5/8 AG:  Column headers for UI are as follows from left to right:  PVR IDOffshore RestrictionStatusPharmacy NamePharmacy NCPDPPharmacy StateAssigned Auditor05/09 Ashlee.Claim CountDate Moved to StatusPreferred ContactFax/EmailChain CodeChain Affiliantion Name","3/6 CN - waiting to work on the result letter3/31 CN - can we groom this US even though we don't have the result letter yet. Dev: there is dependency with US5276127 story for FAFR report4/5/23 JS Why is there a dependency? US5276127 still needs to be addressed. There is a note from January 24 in that US that we will revisit it at the end of February but it doesn't look like that happened. 4/20 CN: Dev team will work on this US and add to S.094/25 : Need the field to be retrieved as a part of the report5/10 AG:  @Srikanth Reddy Male , No need to populate data in the LOB field (can be left blank).  If there is no response from the pharmacy, the validated quantity and days supply can be populated with zero.5/22 AG:  Update to only have onshore superusers and managers be able to generate bulk financial recoveries report. 5/23 AG:  @Srikanth Reddy Male Please see notes below from our tester.  I have attached the generated FAFRs.  Earlier in the day, there were two PVR cases (PVR 113 & PVR 67) that I was able to generate a FAFR report but the report ended up blank.  Also, column headers for the FAFR report are all in cell A1.5/31AG:  @Srikanth Reddy Male , I have talked to our internal teams and uploaded a new mock up with the required fields.  The file is called FAFR Template.  I also attached the reports from DSK that we want to have the same formatting.   For the Audit Recommendation field, will it display Model PVR all the time?  If manually imported, are we able to display """"PVR"""" instead of Model PVR?6/6 AG:  @Srikanth Reddy Male , Please see attached.   Final discrepancy description did not populate.   Could we change the LOI Requesting Rx Sent Date field to MM/DD/YY format like the other date fields?  Also, do you know what should populate in the Audit Recommendations column? Fixed and in UAT.6/7: Final discrepancy description and LOI date  issues are fixed and moved UAT. For Audit Recommendations column we are using ALGO_NM from claim history table.",,,,
US5446008,PVR:  Bulk Actions Export Screen,,Ashlee Guillermo,Team: Pega Prefects,Accepted,2/22/2023,Cases can be filtered by the same data fields as the DSK flow.  Please refer to screen shot for date range label names and wildcard search for carrier.Results table consists of the data fields as the DSK flow and includes offshore restriction flag column (see attached image)All data fields in the results table can be sorted and filtered. Multiple cases can be selected for export at the same time.Display column headers should be as followReport Name should be: Bulk Actions Export Report ,"3/31 CN: Change """"Audit Initiation From Date"""" to """"PVR Initiation From Date""""  and  """"PVR Initiation To Date""""4/20 CN: Per Dev Team, included the all the fields on export file5/2 CN: uploaded new files with new field - Internal Comments and removed """"Preliminary"""" from """"Validated PharmacyPaidAmt"""" and OverpaymentAmount""""",,,,
US5443440,PVR:  Manual Import Report (S.12),,Ashlee Guillermo,Team: Pega Prefects,Accepted,2/22/2023,"System creates a backend table of records from the Manual Case Import BMT for which a case has been created (AKA processed).  6/26 CN: PassThe archive process will follow the same schedule as what it is in place for the other flows (e.g., every Saturday at 5pm ET) 6/29 CN: PassOnce a record in the Manual Case Import BMT has been processed, the record will be removed from the BMT and added to the backend table. 6/26 CN: PassThe backend table can be queried to create a report of records from the Manual Case Import BMT that have been processed.  6/29 CN: PassThe report will include the same columns as the BMT (Seq ID, Source Environment, NCPDP, Claim, Claim Sequence, Referral Reason, Fill Date, Submit Date, Input Flag, Service Now Ticket, DNA Remarks, Audit Type, Update Time, and Update Operator Name, Create Date/Time, Create Operator).   6/26 CN: PassThe new column DNA Remarks will be added to the MCC Processed Claims Report for DSK, OSE, TNM/INM flows. 6/29 CN: Pending acceptance from other leaders. 7/5/2023 AG:  PASSAll records in the report should have an [Input Flag] of Y.  6/26 CN: PassThe report will have all of the Action functions found in the OSE/DSK flow (Refresh, Save As, Report Details, Summarize, Export to PDF, Export to Excel, Pin to Space). 6/26 CN: PassThe report will have all of the Edit Report functions found in the OSE/DSK flow. 6/26 CN: PassAll records in the Manual Case Import BMT should have an [Input Flag] of """"N"""".  6/26 CN: all MCC BMT have input flag of """"D"""" except for SeqID 664 with input flag of """"N"""" 7/3AG:   Input flag is Y - PASS 7/5 AG:  A new column in the Manual Case Import BMT called """"Is Claim DNA (Enter F)"""" must be in the Manual Case Import Report, adjacent and to the right of the column called DNA Remarks. 7/12 CN: Dan/Alison /Michele confirmed this column is visible in their flow. PASS","6/26 CN: for the SeqID, can we remove the """"comma"""" ex: 1673 instead of 1,673. No need to make this change 6/27 CN6/29 CN: @Neelarapu Vidya, will you be adding the date filter? Done.7/3 AG:  @Neelarapu Vidya , Recently a new column was added to the Manual Case Import BMT because ETL needed this column.   I think that we forgot to ask that it be added to the Manual Case Import Report as a new column.   Please let us know if this can be added next to the DNA remarks column for all audit flows.7/5 AG:  @Neelarapu Vidya , Hi Vidya, the other audit flows also want it (INM/TNM, DSK, PVR, and OSE) want this new column called """"Is Claim DNA (Enter F)"""" in the report adjacent  and to the right of the column called DNA Remarks.7/6 AG:  @Neelarapu Vidya , Hi Vidya, I was able to see the new column for PVR but not for OSE/DSK.  7/10 CN: Michell and Allison validated for OSE/DSK. Will accept this US now while still pending INM/TNM validation. Separate US will have to be create for INM/TNM. 7/12 CN: Dan validated for TNM.  ",,,,
US5450645,PVR:  Reversed Claims Report (S.10),,Ashlee Guillermo,Team: Pega Prefects,Accepted,2/23/2023,"1.            We need a report to show us all of the reversed unpaid claims that fall out of the case or not included in case creation after the paid status validation step.  The report will be called Reversed Claims Report.2.            The report will have the following headers: 5/23 AG PASSCase IDAttempted PVR Initiation DateSource Environment NameClaim NumberSequence NumberSubmit DateNCPDPPharmacy NameChain CodeCarrier IDDrug Name - - UI that has data is missing approved amount for 4 claimsApproved Paid Amount - UI that has data is missing approved amount for 4 claimsReferral ReasonServiceNow TicketDuplicate Flag (if duplicate claim number/claim number exists, flag will be Y)3.            We will have an option to “edit report” to allow us to filter the report in various ways using the column headers 5/23 AG PASS4.            We will have an actions button that allows us to: refresh, save as, get report details, summarize, export to PDF, Export to Excel, Pin To Space 5/23 AG PASS5.            The records will be retrievable for as long as I need them (at least 1 year) 5/15 AG:  for 18 months.  5/23 AG - not able to test.6.            I can choose the date or date range of the PVR initiation date to display the data. 5/23 AG PASS","Dev: we can groom this story after completion of US5359705 story4/20 CN: There is no need to revalidate paid status at other statuses4/24 AG:  updated user story with yellow highlighted info4/25: 1. PVR Initiation Date to be removed2. Should this report include claims that were reversed before case creation or both before and after case creation?5/4 CN: 1. include """"Attempted PVR initiation date"""" 2. include reversed claims before case creation 5/23 AG:  @Gudipally Manoj Kumar Reddy , Looking at the claims on the UI, drug name and approved paid amount are not displayed for 4 out of 5 of the claims listed.   The only one that shows drug name and approved amount is the claim from source environment 490 which is actually still in paid status.    5/24 AG:  Per Manoj, data inserted is used for testing only and when the paid status validation occurs, we can retest again.   The drug name and approved paid amt were not displaying becaue the data was manually inserted.  ",,,,
US5466254,PVR: Efficiency Reporting (S.11),,Christine Nguyen,Team: Pega Prefects,Accepted,2/28/2023,"Acceptance Criteria:The system will track user efficiency in real time 6/6 CN PassThe system will aggregate daily efficiency and track it so I can see a user's performance over time 6/6 CN PassThe system will track cases/hour per queue in a downloadable report (mgr can select time period) 5/18 JS instead of cases per hour it will be displayed as time spent in minutesExceptions queue-cases per hour (Init Corr Failed, Reminder Corr Failed, Results Corr Failed, Init Letter Gen failed), 6/6 CN PassPVR records received-how many case findings submittedBar Code match Unsuccessful (NAS drive) - how many cases were manually attachedQC completed per hour 6/6 unable to testIn cases/hour, the number of hours will be based on the number of hours user is logged in to PARP 5/18 JS instead of cases per hour it will be displayed as time spent in minutes 6/6 CN PassManagers can view/download the report for all team members (not limited to their direct reports) 6/6 CN PassAuditors and Superusers will only be able to view their own data 6/6 CN only failed for SuperUser Onshore roleIn addition to the PVR ID and time spent, I need to see a column with the auditors name and the status of the pvr and time spent in minutes 6/6 CN PassTime range should allow me to see the current month and the prior month 6/6 CN Pass Scenario #1: System captured efficiencyGiven a user is working in the systemWhen I need to monitor their efficiency in cases/hour by queue (number of hours user was logged in to PARP)Then the system will capture and display their efficiency in real time Scenario #2: Aggregated efficiencyGiven a user's efficiency is being tracked real timeWhen I want to see their efficiency over timeThen the system will aggregate their daily efficiency in cases/hour by queue so I can see their performance over time Scenario #3: Downloadable efficiency reportGiven a user's efficiency is being trackedWhen I want to download an efficiency reportThen the report will display each user's efficiency as follows:Exceptions queue-cases per hour (Init Corr Failed, Reminder Corr Failed, Results Corr Failed, Init Letter Gen failed)PVR records received-how many case findings submittedQC completed per hour Scenario #4: Manager can select time period to look atGiven I want to view the users efficiencyWhen the I view or download the efficiency reportThen I can select the time period they want to view ","5/4 CN: create a spike story (3pts). can be in next sprint5/26 JS During the time efficiency is being review (ex May 1- May 31) consider the cases that were resolved. However count the time spent from when the case was initiated.For example when looking at efficiency for May 1-31 look at the cases that were resolved during that time. However, if a case was initiated on April 30 (prior to May 1) we need to count the time spent from when the case was started on April 30th until resolved in May. 6/6 CN: Failed #6 below:  SuperUser was able to view other efficiency report ",,,,
US5478241,PVR: Audit Status Report (S.10),,Jennifer Salazar,Team: Pega Prefects,Accepted,3/2/2023,"Acceptance Criteria:PVR cases that are existing in PARP will be visible on the Audit Status Report Pass JS 5/30The column headers will be as outlined in the attached file Missing Claim Submit Date which is included in the attachment Will not be able to display Claim Submit date b/c this report is at a case level not a claim level; also the claim count is blank for 59 cases. This will only be available on new cases, will retest when cases are loaded into PARP Still not showing claim count even for those case created on 6/1 - 6/5 AG:  PassReport can be edited (mimic DSK) How does this work? Vidya will demo on 6/1 PassThere will be an Action menu (mimic DSK) How does summarize work? Vidya will demo on 6/1 PassPVR Cases in all statuses will be displayed Missing No Response, Ready for QC, Results Pharm Contact, Resolved FAFR Submitted Pass JS 5/31PVR Cases will be retained in the report indefinitely (question for IT-from a system perspective is there a point at which we would have to archive records?)PVR ID5/23 AG Updated:   Offshore Restriction Referral Reason=Model or Client RequestNCPDPPharmacy NamePharmacy StateChain CodeCurrent StatusClaim CountPVR Request Letter Sent DateDue DateReminder Letter Sent DateExtended Due DateDate Reviewed by Auditor (the date Review in Progress was completed)Auditor (name of auditor who reviewed the PVR)QC Completion Date (when it moves from Ready to QC to Results Pharm Contact)QC Reviewer (name of the person who completed QC)Results Letter Sent DateResolution Time Stamp (the date the PVR moved to Resolved-Canceled or Resolved-FAFR Submitted)Amount Recovered (recovery amount that was entered in PARP) (TotalOverpaymentAmount)","05/24 AG Case id is not sorting in sequential order.5/30 JS: Testing-see below6/1 JS: Claim count is still not showing, even on the cases that were loaded today6/2 JS: Claim count not showing still6/5 AG:  Claim count is showing for cases created today",,,,
US5478254,PVR: PVR Activity (S.12),,Jennifer Salazar,Team: Pega Prefects,Accepted,3/2/2023,"Acceptance criteria:I need a report that is downloadable, filterable and sortable that represents the statistics of PVR cases initiated for particular date(s) I need to be able to select the time period I want to look at (a single day or multiple days); date range will represent PVR initiation date.I need to see how many PVR cases were initiated  created during the designated timeI need to see how many PVR Request Letters were initiated  sent during the designated timeI need to see how many reminder letters were sent during the designated timeI need to see how many cases received responses during the designated time (by case, not by individual records received); we want to be able to see the response rate at a case level (can possibly get to the response rate by looking at the """"no response received rate"""")I need to see how many outbound faxes and how many outbound emails failed in each queue during a designated timeInit Corr Failed Reminder Corr FailedResults Corr Failed I need to see how many documents were manually attached to cases during a designated timeI need to see how many results letters were sent during the designated timeI need to see how many cases were granted an extension.I need to see how many PVR Cases were Canceled during a designated time","3/3 JS Future enhancement to drill down5/5 JS added note to point 66/2/2023 AG:  Please see mock up on attached6/21/2023 AG:  Update from PVR Initiation to PVR creation (need to know counts of PVR cases created even if they are cancelled)6/26 AG:   @Srikanth Reddy Male , (1) for the PVR cases that were created on Friday, June 23, I have to put the date range of June 22 to June 24 to see the data.  If I use 6/22 to 6/23, nothing displays.  If I use 6/23 to 6/23, nothing displays either.   (2) As for the drill down report, may I request that the columns be in a similar order as the main UI?   For instance, cases granted extension, resolved-cancelled, cases with manual documents attached be at the far right. (3) May I request that we remove any mention of the word """"Audit""""?   For instance, Resolved Cancelled Audits should be displayed as Resolved Cancelled Cases.6/27: @Ashlee Guillermo I have made the changes and moved it to UAT. Please validate it.6/27: OK that the PVR Activity report is showing up for SuperUsers and Managers.  Can keep it that way.  Will accept user story.",,,,
US5478315,PVR: Canceled PVR Report,,Jennifer Salazar,Team: Pega Prefects,Accepted,3/2/2023,"Acceptance CriteriaI can sort and filter the report Pass JSI can export the report to excel or PDF  Pass JSThe is an action drop down (mimic DKS)  Pass JSThere is an edit button (mimic DSK)  Pass JSSee required fields below  Pass JSRecords in the report will be retained indefinitelyIf the PVR was canceled by the system the Canceled By field will say System  Pass JSIf the PVR was canceled by a user the Canceled By field will contain the users name  Pass JS Column Headers:Case IDPharmacy IDPharmacy NameCanceled DateCanceled ByCancel Comment (if canceled by the system due to LOI not sent, the comment should say LOI Not sent by End of Day; if canceled by a user, the comment should have the user's comments Need to add comment for when system cancels case (see highlight)  Pass JSStatus When Canceled (what status was the PVR in when it was cancelled) This is not populating on the report except for PVR-6  Pass JS","'@Jennifer Salazar , Hello Jeni, This cancelled report should be part of Business report and which group of users should have access to this report. @Gowlikar Neeraj Lal Hi Neeraj, all roles should be able to access this report.  @Gowlikar Neeraj Lal  Hi Neeraj, can you please take a look at the point highlighted below? When the system cancels the PVR the comment should populate with LOI not sent by end of day; also I don't the status of the case being displayed except for PVR-6. The rest are blank for that column. Thanks 6/2 JS: It appears that the issues reported yesterday have been resolved; I'm not sure if there is still work in progress but when it gets moved to complete  we can accept this story@Jennifer Salazar , There was no change made, However the comments are reflecting now as per requirement, can you please provide acceptence for this story.",,,,
US5493960,PVR: Chain PVR Counts Report (S.10),,Jennifer Salazar,Team: Pega Prefects,Accepted,3/7/2023,"System to produce a report of the number of PVRs initiated per day by Affiliation Code for NCPDPs with affiliation codes that match [Affiliation Code] values in the chain audit limits BMT - 5/23 CN PassFor each PVR the affiliation code needs to be mapped to the Affiliation CodeThe Affiliation code needs to be mapped to the Group Name The report will have a drop down with the Months of the year, user can select the month they want to view - 5/23 CN - this is only on the initial screen, can it also be add in the actual table once a specific month has been selected?The report will display the Group Name 5/23 CN PassUser can export the report of current tallies into an Excel file 5/23 CN Pass5/16 AG:  Please add a calendar year filter as well. 5/23 CN Pass Scenario 1: ReportGiven PVRs have been initiated for NCPDPs with affiliation codes that match [Affiliation Code] values in the chain audit limits BMTWhen the user executes the reporting functionThen the system will produce a report showing the number of PVRs initiated per day by Affiliation Code for NCPDPs with affiliation codes that match [Affiliation Code] values in the chain audit limits BMT Columns headers will be Group NameDays of the month (e.g 1-30)Counts of initiated PVRCreated Date/TimeCreate Operator NameUpdate Date/TimeUpdate Operator Name","5/15 AG :   @Srikanth Reddy Male , checking with our internal teams about whether to include resolved-cancelled  5/16 AG:  @Srikanth Reddy Male , we can exclude resolved-cancelled from the chain limit counts.  I also updated acceptance criteria with calendar year filter as well.5/23 CN: #4: Can a drop down list of the month be added under """"month"""" for user to select the month from this table? The count for each group are mis-aligned under the row for dates.5/23 AG:  @Srikanth Reddy Male   Need to verify for Walgreens why chain code 00226 shows 36 total PVRs initiated.  When doing a search for pharmacy chain code 00226, I show 39 cases total. I have a feeling that the reason why it is counting 36 versus 39 is because there are 3 cases in Resolved-CanceLLed (as opposed to another status called Resolved-CanceLed). ",,,,
US5671938,PVR: QC Aging Report (S.09),,Christine Nguyen,Team: Pega Prefects,Accepted,4/21/2023,"Acceptance Criteria:I can sort and filter the report 5/23 CN passI can export the report to excel or PDF 5/23 CN passThe is an action drop down (mimic DKS) 5/23 CN passThere is an edit button (mimic DSK) 5/23 CN passRecords in the report will be retained indefinitely 5/23 CN passSee required fields below 5/23 CN pass Column Headers 5/23 CN passPVR IDDate Reviewed by Auditor (the date Review in Progress was completed) Auditor (name of auditor who reviewed the PVR)QC Start Date (when case moves to Ready for QC) - 5/16 AG: update to date and time case moved to Ready for QCQC Completion Date (when it moves from Ready to QC to Results Pharm Contact) - 5/16 AG: update to date and time case moved to Results Pharm ContactQA Aging time (in hours and minutes, calculate from the QC Start Date until the QC Completion Date) - 5/15 AG:  update column name to QC Age; calculate the time from Ready for QC to Results Pharm Contact in decimal value.QC Reviewer (name of the person who completed QC)Results Letter Sent Date",5/10 CN: added column headers to include minutes. One column that will show hours & minute in decimal. Ex: 1h10m =1.175/16 AG:  @Neelarapu Vidya  updated acceptance criteria below.   5/22 CN: Update PVR leaders to include Managers and SuperUsers,,,,
US5682907,PVR:   Removed Claims Report (S.11),,Ashlee Guillermo,Team: Pega Prefects,Accepted,4/24/2023,"The report will allow me to see claims removed from a PVR case because the claim count exceeded five for the pharmacy NCPDP. The report will be called “Removed Claims Report.”The report will allow for me to select a date or date range in which the claim(s) should have been included for PVR case such as PVR initiation date.   For instance, if I select 1/1/2023, then the claims that display should be those that were selected by ML or manually imported and supposed to be included in the cases that are to be created on Jan 1, 2023.   There will be an option to “edit report” to allow us to filter the report in various ways using the column headersThe records will be retrievable for as long as I need them (max 18 months)--05/18 CNThe column headers will include:Case IDPVR Initiation DateSource Environment NameClaim NumberSequence NumberSubmit DateNCPDPPharmacy NameChain CodeCarrier IDDrug NameApproved Paid AmountReferral ReasonServiceNow TicketDuplicate Flag (if duplicate claim number/claim number exists, flag will be Y)  ",,,,,
US5729349,PVR: Efficiency Reporting (Spike),,Christine Nguyen,Team: Pega Prefects,Accepted,5/4/2023,"Acceptance Criteria: The system will track user efficiency in real time The system will aggregate daily efficiency and track it so I can see a user's performance over time The system will track cases/hour per queue in a downloadable report (mgr can select time period)   Exceptions queue-cases per hour (Init Corr Failed, Reminder Corr Failed, Results Corr Failed, Init Letter Gen failed),  PVR records received-how many case findings submitted  Bar Code match Unsuccessful (NAS drive) - how many cases were manually attached  QC completed per hour   In cases/hour, the number of hours will be based on the number of hours user is logged in to PARP Managers can view/download the report for all team members (not limited to their direct reports) Scenario #1: System captured efficiencyGiven a user is working in the systemWhen I need to monitor their efficiency in cases/hour by queue (number of hours user was logged in to PARP)Then the system will capture and display their efficiency in real time Scenario #2: Aggregated efficiencyGiven a user's efficiency is being tracked real timeWhen I want to see their efficiency over timeThen the system will aggregate their daily efficiency in cases/hour by queue so I can see their performance over time Scenario #3: Downloadable efficiency reportGiven a user's efficiency is being trackedWhen I want to download an efficiency reportThen the report will display each user's efficiency as follows: Exceptions queue-cases per hour (Init Corr Failed, Reminder Corr Failed, Results Corr Failed, Init Letter Gen failed) PVR records received-how many case findings submitted QC completed per hour Scenario #4: Manager can select time period to look atGiven I want to view the users efficiencyWhen the I view or download the efficiency reportThen I can select the time period they want to view ",5/4 CN: create a spike story (3pts). can be in next sprint,,,,
US5731430,PVR:   PVR Daily Run Report (S.10),,Ashlee Guillermo,Team: Pega Prefects,Accepted,5/4/2023," The report will be called PVR Daily Run Report and will be found in the Reports section of PARP. The report will automatically display the current day's metrics specifically for PVRUsers will be able to select dates to view historical recordsThe column headers will include (from left to right):Team Name (e.g., ETL or ML) Completion Date (the date and time stamp of the load completion)Job Status (In-Progress while the load is in progress, Failed if the load has failed, and Completed when the load was successfully completed)Created Time StampUpdated Time StampThe actions button will be available so that the user can use the functions below.The edit report button will be available so that user can edit the report like the below.    ","'@Gowlikar Neeraj Lal , reviewed the jobs that ran today but there is none for PVR reminder consolidation.  Are we suppposed to see that as well?  Also, if we close/accept this user story, what happens later when we want to incorporate the ML and ETL job completion as well? @Ashlee Guillermo , record with blank job name is actually job entry for ConsolidateSendPVRReminderLetters, however Jobname is null because the job was saved into higher version for some specific request. you can see again today for entry.  Regarding ML and ETL stories, I believe they have respective stories defined to track there job entries into this same table, you can track with those stories. @Gowlikar Neeraj Lal , I checked today at 11:19AM Pacific and I don't see that the Reminder Letter Consolidation job ran.  It's supposed to run at 2PM Eastern or 11AM Pacific.  Also, I noticed that the PVR Results job ran at 4PM on 5/23.  Shouldn't that be 7PM Eastern?  Is the report displaying Eastern time zones?   5/30 AG:  jobs should run Mon - Fri, excluding weekends but can include holidays listed on the federal holidays BMT.  Right now, the job is showing that it ran on the weekend.   Per Neeraj, this will be corrected/updated.  However, from a report perspective, all job names are displayed now.   ",,,,
US5922277,PVR:  Automated FAFR & Audit Status Report (S.13),,Ashlee Guillermo,Team: Pega Prefects,Accepted,6/22/2023,"Prior to generating FAFR reports, an automated Audit Status report will be run [Update 7/14AG: on the day specified in the UI] weekly on Tuesday at 9 PM ET and saved here on the same day:   \\nasv0048\Pharmacy_Network_Audit_NAS\PVR\PARP\Audit Status ReportThe Audit Status report will have the naming convention:  Audit_Status_Report_YYYYMMDD_HHMMSS The audit status report must only display the case status filtered for Ready for FAFR  [Update 7/14AG: from the date in which we set the look back on the UI]after 9 PM ET on Tuesday up until 9 PM ET on the next Tuesday.The Audit Status report must contain all the headers and corresponding data as seen in the Audit Status Report in the UI. A FAFR report will be generated for Book 0 and Book A weekly on Tuesdays right after the Audit Status Report and will be placed in a designated business folder on the same day:   \\nasv0048\Pharmacy_Network_Audit_NAS\PVR\PARP\FAFR Report The generated FAFR reports will have a file naming convention:PVRFAFR_O_Report_YYYYMMDD   for Book 0 FAFRSPVRFAFR_A_Report_YYYYMMDD    for Book A FAFRsThe weekly FAFR reports will contain all cases in Ready for FAFR status  [Update 7/14AG: from the look back period as specified on the UI] after 9 PM ET on Tuesday up until 9 PM ET on the next Tuesday.The FAFR reports must have the same format (pipe delimited csv) and data elements as the FAFR Report generated using the bulk financial recoveries UI.  See US5445981.Once the FAFR reports are generated and uploaded into the business NAS location, all cases included in the FAFR reports will move to the status of Resolved-FAFR Submitted in PARP.The schedule to run the report (e.g., day and time of the week) must be configurable by the business at any given time, including the start date of the automated job.     ","6/26 AG:  updated #3 below in regards to the timing of the audit status report. Also the report can run as scheduled even when it's a holiday.  6/27 AG:  After further discussion, removed the timing of the audit status report (strikethrough).   7/13 CN: report ran time was changed to run at 7:30 PM EST on Thursday but report is not available in teh NAS locations. Currently checking at 2:13AM EST (Friday)7/17 CN: Audit status report was ran at 7:30pm EST but did not see any FAFR report in the NAS folder location . The time at the end of the audit status report name is different as well. Not sure why it's 23:00:00 when it was set to run at 19:00:00.  7/18 CN: The time at the end of the Audit Status report name is not in the right format we've requested. It was set to run at 20:00:00. 7/19 CN: @Uriti Ravindrababu, there were 106 cases in PARP prior 2PM EST and I set the FAFR report to run around 2:30PM EST. The Audit status report and FAFR (Book A & O) only produced 50 cases.  Those cases were not part of the 106 cases in Ready for FAFR.  I set the report to run at 3:05PM EST and the report yield another set of 50 cases (part of the original 106 cases).  Is there a threshold for the report to only yield 50 cases at a time? 7/21 CN: Certain fields are missing in the FAFR report. (see attachment). ",,,,
US5430100,PVR: Moving Documents to Doc360,,Jennifer Salazar,Team: Pega Prefects,Accepted,2/17/2023,"Acceptance Criteria:  I need the system to move all letters and pharmacy responses to Doc360 after 7 days from when the documents were attached to the PVR The documents should be archived in Doc360 PARP Pharmacy Documents All secure roles should be able to download documents which are uploaded to Doc360 from the PARP Portal (see US4849307) Manager should be able to delete documents which are uploaded to Doc360 from the PARP Portal (see US4849307) If document is deleted from PARP, it should also be deleted from Doc360 The Transaction date in Doc360 should match the Attached On date in PARP and should reflect the date the attachments were added to the PVR  Scenario #1: Moving documents to Doc360 after 7 daysGiven all letters and responses related to PVRsWhen 7 days have elapsed Then the documents will be moved to Doc360 Scenario #2: Archived in Doc360 PARP Pharmacy DocumentsGiven PVR documents received from a pharmacyWhen the documents are moved to Doc360Then they will be placed in the PARP Pharmacy Documents area of Doc360 Scenario #3: Ability to download documentsGiven documents have been moved to Doc360When a user with any PVR Secure role needs to download the documents from Doc360Then they will be able to download the documents from the PARP portal  Scenario #4: Ability to delete documentsGiven documents have been moved to Doc360When a user with the PVR Manager Secure (onshore and offshore) role needs to delete documents from Doc360Then they will be able to delete the documents from the PARP portal Scenario #5: Deleting documents from both Doc36 and PARPGiven documents are deleted from Doc360 by a managerWhen the manager completes the action to delete the documentsThen the documents should be deleted from both Doc360 and PARP Scenario #6: Transaction Date in Doc360Given the population of the Transaction Date in Doc360When the date populatesThen it should match the Attached On date in PARP which is the date the attachments were added to the PVR",,,,,
US5350615,PVR:  Analysis of Letters,,Ashlee Guillermo,Team: Pega Prefects,Accepted,1/27/2023,"Acceptance Critieria1. Review of 3 letters in the attachments2. Identification and list of any/all fields that are being maintained & duplicated from other audit (e.g., OSE/DSK) letters3. Identification of new fields that will need to be created & corresponding field names 4.  Once the above are complete, the business will confirm that the new fields that pertain to PVR are letters are communicated to Inspire and are added to the JSON file.","2/6/2023:  Ashlee uploaded revised templates to update with """"business"""" days.   As for the duplicate Rx number JSON, according to ETL, the new column name is DUP_RX_NUM in the claims history file and they are not sure what PEGA team will name the JSON field.  @Uriti Ravindrababu2/7/23: Ravi- Uploaded Json's for the 3 letters  2/7/2023: Ashlee uploaded updated versions of letters with JSON fields.  Please review@Uriti Ravindrababu2/8/2023:  @Uriti Ravindrababu , Ashlee updated revised letters with << >> around JSON fields and also updated email address.   Do we need a JSON for the Auditor Name and Auditor contact information?  2/10/2023: Ravi- Attcahed json field matrix excel file2/10/2023:  Ashlee - I have re-uploaded the finalized templates.   ",,,,
US5346342,PVR: Sending PVR Results Letters Email/FAX (S.08),,Christine Nguyen,Team: Pega Prefects,Accepted,1/26/2023," When QC is complete, the QC'er should be able to push a Submit button from the QC screenIf the pharmacy is not found on Chains - No PVR Results Letter BMT then the user will get a pop-up to generate the results letterThe QC'er can select to generate the letter and  will be taken to the Results Pharm Contact screenThe PVR status will update to Results Pharm ContactThe user will have the option to preview the letterThe user will have the option to generate the letter without previewingThe user should have the choice to not send the letter  User has ability to cancel the PVR The letter will be sent according to the pharmacy's preferred method of contact (BMT) or Pharmacy Detail screenWhen the preferred contact method is FAX, then the system will send the fax and the case status will be updated to Results Pending FaxWhen the preferred contact method is email, then the system will consolidate emails to the same NCPDP or chain, the status will update to Results Pending Consol, and the consolidated emails will be sent at a designated time (Time TBD)When the system confirms the FAX or email was sent successfully then the case status will update to Ready For FAFRIf the discrepancy codes for all claims in the PVR are """"N"""" (no discrepancy identified), then the user will not get the pop-up to be able to generate the letter and case status will update to Resolved no Findings   Ready for FAFR Scenario #1: Generating letter from QCGiven QCWhen the QC Reviewer is ready to generate a Results letterThen the Reviewer can push a submit button from the QC screen Scenario #2: System checks the Chains - No PVR Results Letter BMTGiven QCWhen he Reviewer selects submitThen the system checks the Chains - No PVR Results Letter BMT Scenario #3: Pop-up to generate letterGiven the system checks the Chains - No PVR Results Letter BMTWhen the pharmacy is not found on the BMTThen the user will get a pop-up to generate the results letter Scenario #4: QC Reviewer selects to generate a letterGiven a Reviewer receives the pop-upWhen the Reviewer selects to generate the letterThen the user will be taken to the Results Pharm Contact Screen (will write a US for the design of this screen) and the status will update to Results Pharm Contact Scenario #5: User can preview letterGiven a Reviewer is generating a letterWhen in the Results Pharm Contact screenThe Reviewer can preview the letter if they choose Scenario #6: Chosing to not send the letterGiven the Reviewer is in the Results Pharm Contact screenWhen the Reviewer chooses not to send the letterThen they will have an option to not send the letterGiven the Reviewer is in the Results Pharm Contact ScreenWhen the user needs to cancel the PVRThen the user will have to ability to cancel the PVR Scenario #7: Letter sent according to Pharmacy's preferred contactGiven the Results letterWhen the letter is sentIt is sent according to the pharmacy's preferred contact method Scenario #8: Faxing Results LetterGiven the method is faxWhen the fax is sentThen the status will update to Results Pending Fax Scenario #9: Emailing Results LetterGiven the method is emailWhen the email is sentThe status will update to Results Pending Consol while the system consolidates emails to the same NCPDP or chain and then send the emails at a designated time Scenario #10: Confirmation of successGiven the fax or email was sentWhen the system confirms the fax was sent successfullyThen the case status will update to Ready for FAFR Scenario #11: No FindingsGiven the QC Reviewer enter """"N"""" for No Findings for all claims in the caseWhen the Reviewer hits submitThen there will not be a pop-up to generate the letter and the case status will be Resolved-No Findings(Quest for PEGA team-does this status update to Ready for FAFR at some point?) ","3/30 CN: Per Kathryn, all PVR results will be included on the FAFR (including No Findings).  The user should have the choice to not send the letter- what is the scenario when letter is not sent.",,,,
US5521880,PVR: Sending PVR Results Letters (Weekly Chain BMT) (S.08),,Christine Nguyen,Team: Pega Prefects,Accepted,3/14/2023,"When QC is complete, the QC'er should be able to push a Submit button from the QC screen If the pharmacy is on the Weekly Chain Report BMT the user will not get the pop-up to be able to generate the letter and the status will update to Ready for FAFR Scenario #1: Generating letter from QCGiven QCWhen the QC Reviewer is ready to generate a Results letterThen the Reviewer can push a submit button from the QC screen Scenario #2: System checks the Chains - No PVR Results Letter BMTGiven QCWhen he Reviewer selects submitThen the system checks the Chains - No PVR Results Letter BMT Scenario #3: Chain-No PVR Results Letter BMTGiven a pharmacy is on the Chain-No PVR Results Letter BMTWhen the Reviewer selects Submit from the QC screenThen there will not be a pop-up to generate the Results letter and case status will update to ready for FAFR  ",5/22 JSOnce I completed QC on PVR-113 it took me to the Results Pharm Contact screen and let me generate a letter even though the pharmacy is found on the no PVR results BMT,,,,
US5236130,PVR: Systematic PVR Initiation (S.03),,Christine Nguyen,Team: Pega Prefects,Accepted,12/20/2022,"Acceptance Criteria: Once claims are loaded in PARP, the system should consolidate claims by NCPDP Claims for the same NCPDP are considered a case A case can have up to 5 claims for the same NCPDP per day Scenario #1: Consolidating Claims by NCPDPGiven claim selection for PVRWhen claims are loaded into the systemThe system should consolidate claims for the same NCPDP Scenario #2: Creating a PVR CaseGiven the system creates a PVR caseThen claims for the same NCPDP will be combined into the same case Scenario #3: Limit to number of claims per caseGiven there is more than one claims for any NCPDPWhen the system combines the claims into once caseThen the maximum number of claims for any case will be 5 claims  ","2/17 AG:   @Chavala Malleswararao , could I confirm that #3 below will also take into consideration manually imported claims?   For instance, when ML selects 5 claims for an NCPDP and there are 2 claims from Manual Import, can we keep the Manual Import claims as the priority and remove the lowest ML ranked claims?    2/20:Yes ,we are giving first priority for manual import claims later we checking auto claim history table .",,,,
US5435166,PVR: Case Containing Manually Imported Claims,,Ashlee Guillermo,Team: Pega Prefects,Accepted,2/20/2023,"Acceptance Criteria  Claims from the manual import BMT will be combined with the claims identified by ML into one case, totaling 5 claims per NCPDP For any given pharmacy NCPDP, if ML and manual case import identifies the same record, then the case will not contain duplicates For any given pharmacy NCPDP, if by combining claims from the manual import BMT and ML creates a case with >5 claims, the claim that was imported by the manual case creation should have priority  Scenario #1:  Claims from the manual import BMT will be combined with the claims identified by ML into one case, totaling 5 claims per NCPDP Given when claims are imported by the manual import BMTWhen the case is createdThen PARP will combine claims that were identified through ML and imported through manual import if it is for same pharmacy NCPDP, totaling 5 claims per NCPDP. Scenario #2:  For any given pharmacy NCPDP, if ML and manual case import identifies the same claim, then the case will not contain duplicatesGiven a case is created consisting of claims from ML selection and manual import BMTWhen a duplicate record (same claim number and source environment) is identified by both  Then PARP will not include the duplicate record into the case.  The ServiceNow ticket number and referral reason from the manual import should be retained. Scenario #3:  For any given pharmacy NCPDP, if by combining claims from the manual import BMT and ML creates a case with >5 claims, the claim that was imported by the manual case creation should have priority Given when claims are imported by the manual import BMTWhen the PVR case is created Then PARP will remove the lowest risk scored claim(s) from the ML selection and replace with the claims imported by manual import BMT, so that the total number of claims does not exceed 5 claims per NCPDP. ",,,,,
US5473970,PVR: Canceling PVRs if not initiated by end of day,,Jennifer Salazar,Team: Pega Prefects,Accepted,3/1/2023,"Acceptance Criteria: End of Business Day is 8PM PST If a PVR request letter that has not been successfully sent by 8PM PST, then the system will cancel the PVR and status will become Resolved-Canceled.   Un-initiated PVR may be in one of the following case statuses:     New- Case is ready for PVR Initiation  Pending Letter Generation-Request sent to Inspire team*automation  Init Letter Gen failed - when the letter generation job fails  Init Letter Review  Init Pending Consol-email consolidation  Init Pending Fax-Initial fax sent out case waiting for Acknowledgment  Init Corr Failed- Initial PVR notice letter Fax/Email failed to go through   The system will enter a cancelation comment that will say """"Canceled-LOI not sent by end of day""""  Any PVR that is in case state of Init Waiting for Response or any status that comes after Init Waiting for Response will be considered successful and will not be canceled at the end of the day   Scenario #1: Canceling cases that have not been initiated by end of dayGiven a PVR Request Letter has not been successfully sent to the pharmacyWhen the letter has not been successfully sent by 8PM PSThen the system will cancel the case Scenario #2: System will enter a cancelation commentGiven the PVR Request letter was not successfully sent by EODWhen the system cancels the PVRThen a comment will be captured in PARP as the cancelation reason that states: Canceled-LOI not sent by end of day Scenario #3: PVRs that should not be canceledGiven the end of the dayWhen a PVR is in a status of Init Waiting for Response or any other status that comes after Init Waiting for ResponseThen the system will not automatically cancel the PVR ",,,,,
US5265596,PVR: Roles - PROD environment,,Christine Nguyen,Team: Pega Prefects,Accepted,1/4/2023,"Acceptance Criteria:    PVR_Auditor_Onshore: most restricted, responsible for performing assigned PVR.  As a Case Owner, the Auditor performs workflow steps before routing to the Superuser and above for case approval in UAT environment PVR_SuperUser_Onshore: Responsible for performing assigned audits: can review cases, case related artifacts (correspondence, review results, etc.) and provide feedback on PVR to a Case Owner. Both Case Owner and an Approver in the workflow before Manager in UAT environment.  PVR_Manager_Onshore: manages PVR team(s) that performs prescription reviews in PARP.  Responsible for reviewing and approving work submitted by his/her specific workflow (Standard PVR), and review quarterly reports in UAT environment.   PVR_Auditor_House Account_Onshore: Has access to view employee claims PVR_Auditor_Offshore:  Same as the auditor onshore PROD access except that the auditor will only be able to see offshore unrestricted claims. PVR_SuperUser_Onshore:  Same as the superuser onshore PROD access except that the auditor will only be able to see offshore unrestricted claims. PVR_Manager_Offshore: Same as the Manager onshore PROD access except that the auditor will only be able to see offshore unrestricted claims. PVR_Developer Scenario #1: PVR_Auditor_OnshoreGiven a user is granted access for PVR_Auditor_Onshore_PRODThen they have access to work cases manually assigned to them for outbound fax/email as well as work cases that have come inbound To perform workflow steps before routing the case to the superuser.    Scenario #2: PVR_Superuser_OnshoreGiven a user is granted access for PVR_Superuser_OnshoreThen they have the same access as PVR_Auditor_OnshoreAnd access to review all cases and any related artifactsIn order to perform QC and provide any feedback to the PVR_Auditor_OnshoreExclude the option to perform QC for their own case Scenario #3: PVR_Manager_OnshoreGiven a user is granted access for PVR_Manager_Onshore roleThen they have the same access as PVR_Auditor_Onshore and PVR_SuperUser_Onshore rolesAnd the following access:Generate all reports in PARP systemReviewing and approving work submitted by any PVR team memberAble to assign and reassign work to any PVR team member  Scenario #4: PVR_Auditor_House Account_OnshoreGiven a user is granted access for PVR_Auditor_House Account_OnshoreThen they have the same access as onshore auditor and will also have access to any data related to employee accounts Scenario #5: PVR_Auditor: PVR_Auditor_OffshoreGiven a user is granted access for PVR_Auditor_OffshoreThen they have access to work cases manually assigned to them for outbound fax/email as well as work cases that have come inbound that are not offshore restrictedTo perform workflow steps before routing the case to the superuser.     Scenario #6: PVR_Superuser_OffshoreGiven a user is granted access for PVR_Superuser_OffshoreThen they have the same access as PVR_Auditor_OffshoreAnd access to review all cases and any related artifacts that are not offshore restrictedIn order to perform QC and provide any feedback to the PVR_Auditor_OffshoreExclude the option to perform QC for their own case Scenario #7: PVR_Manager_OffshoreGiven a user is granted access for PVR_Manager_Offshore roleThen they have the same access as PVR_Auditor_Offshore and PVR_SuperUser_Offshore rolesAnd the following access:Generate all reports in PARP systemReviewing and approving work submitted by any PVR team member, as long as claims in the case are not offshore restrictedAble to assign and reassign work to any PVR team member Scenario #8:  PVR_Developer  Given a user is granted access as PVR Developer  Then they will have access to the PVR Pega workflow To develop, test and troubleshoot the PVR Pega workflow",,,,,
US5274140,PVR: Roles - DEV/UAT Environment (S.02),,Christine Nguyen,Team: Pega Prefects,Accepted,1/6/2023,"Acceptance Criteria: Role access is to be request in Secure Only PVR_leaders_prod role can approve access Access will be removed if PVR has not been accessed for 30 days PVR_Auditor_onshore_UAT: most restricted, responsible for performing assigned PVR.  As a Case Owner, the Auditor performs workflow steps before routing to the Superuser and above for case approval in UAT environment PVR_SuperUser_onshore_UAT: Responsible for performing assigned audits: can review cases, case related artifacts (correspondence, review results, etc.) and provide feedback on PVR to a Case Owner. Both Case Owner and an Approver in the workflow before Manager in UAT environment.  PVR_Manager_onshore_UAT: manages PVR team(s) that performs prescription reviews in PARP.  Responsible for reviewing and approving work submitted by his/her specific workflow (Standard PVR), and review quarterly reports in UAT environment.   PVR_Auditor_House Account_onshore_UAT: Has access to view employee claims PVR_Auditor_offshore_UAT:  Same as the auditor onshore UAT access except that the auditor will only be able to see offshore unrestricted claims. PVR_SuperUser_onshore_UAT:  Same as the superuser onshore UAT access except that the auditor will only be able to see offshore unrestricted claims. PVR_Manager_offshore_UAT: Same as the Manager onshore UAT access except that the auditor will only be able to see offshore unrestricted claims. PVR_Developer_UATExamples:PVR_auditor_uat role & PVR_onshore_uat rolePVR_superuser_uat role & PVR_onshore_uat rolePVR_leaders_uat role & PVR_onshore_uat role Scenario #1: Only Leaders and above can approve accessWhen an request for access submitted in SecureThen only the one with PVR_leaders_uat can approve the access. Scenario #2: Access will be removed if PVR has not been accessed for 30 daysGiven any PVR user has not sign on to PARP system for 30 daysThen their access in Secure will be remove Scenario #1: PVR_Auditor_onshoreGiven a user is granted access for PVR_Auditor_onshore_UATThen they have access to work cases manually assigned to them for outbound fax/email as well as work cases that have come inbound To perform workflow steps before routing the case to the superuser.    Scenario #2: PVR_Superuser_onshore_UATGiven a user is granted access for PVR_Superuser_onshoreThen they have the same access as PVR_Auditor_onshoreAnd access to review all cases and any related artifactsIn order to perform QC and provide any feedback to the PVR_Auditor_onshoreExclude the option to perform QC for their own case Scenario #3: PVR_Manager_onshore_UATGiven a user is granted access for PVR_Manager_onshore roleThen they have the same access as PVR_Auditor_onshore and PVR_SuperUser_onshore rolesAnd the following access: Generate all reports in PARP system Reviewing and approving work submitted by any PVR team member Able to assign and reassign work to any PVR team member Scenario #4: PVR_Auditor_House Account_onshore_UATGiven a user is granted access for PVR_Auditor_House Account_onshoreThen they have the same access as onshore auditor and will also have access to any data related to employee accounts  Scenario #5: PVR_Auditor: PVR_Auditor_offshore_UATGiven a user is granted access for PVR_Auditor_offshore_UATThen they have access to work cases manually assigned to them for outbound fax/email as well as work cases that have come inbound that are not offshore restrictedTo perform workflow steps before routing the case to the superuser.     Scenario #6: PVR_Superuser_offshore_UATGiven a user is granted access for PVR_Superuser_offshore_UATThen they have the same access as PVR_Auditor_offshoreAnd access to review all cases and any related artifacts that are not offshore restrictedIn order to perform QC and provide any feedback to the PVR_Auditor_offshoreExclude the option to perform QC for their own case Scenario #7: PVR_Manager_offshore_UATGiven a user is granted access for PVR_Manager_offshore_UAT roleThen they have the same access as PVR_Auditor_offshore and PVR_SuperUser_offshore rolesAnd the following access: Generate all reports in PARP system Reviewing and approving work submitted by any PVR team member, as long as claims in the case are not offshore restricted Able to assign and reassign work to any PVR team memberScenario #8:  PVR Developer UATGiven a user is granted access as PVR Developer UATThen they will have access to the PVR Pega workflow To develop, test and troubleshoot the PVR Pega workflow","1/12: Need total 8 Rules -Developer Rule , Employee Role, 3 Onshore Roles and 3 Offshore Roles.Need separate  story for scenario 1 and scenario 2 1/30 JS: When I switch to a PVR Role, the URL still contains DSK or OSE depending on what link I used to access PARP and I get a different view of My Work Dashboards depending on if the URL says DSK or OSE",,,,
US5240957,PVR: Chains that receive a weekly findings report BMT (S.04),,Christine Nguyen,Team: Pega Prefects,Accepted,12/22/2022, Acceptance  Criteria: The table will contain the following columns   Chain Name  Affiliation Code   Created Date/Time  Created By  Updated Date/Time  Updated By   Chain Name and affiliation code are editable and required fields Exact duplicates (Chain name and Affiliation Code) should not be allowed ,"2/3 JS need to verify if we can name the columns whatever we want or if there needs to be specific header names if this table is related to a PEGA process (i.e. PEGA will need to reference this table)2/7: Questions for PEGA team-How do they want to see the data? If there are multiple affiliation codes are they separated by commas? - CN2/16 AG:  @Neelarapu Vidya , Please name the BMT:  Chains - No PVR Results Letter",,,,
US5240960,PVR: Discrepancy Code Legend BMT,,Christine Nguyen,Team: Pega Prefects,Accepted,12/22/2022,"Acceptance Criteria   Allow PVR Audit Flow to utilize the existing Discrepancy Code Legend BMT  Add 4 new columns:   Created Date  Create Operator  Update Date  Update Operator   This change also applies to INM/TNM, Desk and Onsite.  ",1/19: Estimating without the pop up for confirmation2/13 - Pass for DSK/INM/TNM/PVR. Pending OSE validation. (CN)2/14 - Christin pass for OSE. (CN) ,,,,
US5249148,PVR: Pharmacy Contact Preference BMT (S.02),,Jennifer Salazar,Team: Pega Prefects,Accepted,12/28/2022,"Acceptance Criteria: The same Pharmacy Contact Preference BMT will be stored, updated, and used in the DSK, OSE, and PVR flows. Ability to prohibit duplicate entries  Update functionality to include a confirmation pop up that user must “OKAY” or “Cancel” to prevent changed Update Times and Update Operator log when no change is made. 01/24 kp for future enhancement. Validation of preferred contact column and contact details to ensure all information is entered properly Validation of fax format – example would include only numbers and character count to be exactly 10. Update the Preferred Contact column to only allow Upper Case Entries to ensure consistency within the report.  If user edits a pharmacy's preferred contact type and/or contact information in Init-Pharm Contact   Any Pharm Contact screen, user will be required to document the reason for edit. User will be required to document the following as part of the reason for edit: 1) date of request, 2) method of request (e.g., email, fax, phone), 3) name of requester, and 4) reason for edit. to track all changes and reasons for changes can be saved and referenced if/when needed. Per Ravindrababu: Point #7 does not apply to Desk, INM and TNM. When fax and email are entered, then the validations will occur for both fields (fax should be 10 digits and email should have email format with @ sign); however, both fields are not required.  Only one field is required based upon the Preferred Contact entered (e.g., If Fax is the preferred contact, then a fax number is required.  If Email is the preferred contact, then email is required). ","1/17: 7th Pt will be covered while developing Init-Pharm Contact Any Pharm Contact screen1/30:  UAT Notes by Ashlee Guillermo Is it possible that if an email is entered, that we have a validation that the email must have an “@” sign? Message for email validation:  please update to “Contact preference should be all upper case. Please enter EMAIL or FAX or MAIL.” Fax number validation in BMT= failed; put in 10 digits but still received an error message and would not allow save.   Would this validation be added to additional audit flows such as desk and onsite?  Fax number validation in Import = failed. Fax number had 10 digits but still failed import.1/31:  Ashlee retested again and all the changes in 1/30 notes (#1 to #4) have passed.  Waiting for DSK/OSE to retest after changing user story to """"Any Pharm Contact"""" scrren.  PVR does not have those screens yet.2/2 kp Ashlee approved this. Pending approval from Allison, Dan and Michele. Kunjan to follow up.2/2 AW: approved for standard desk with the exception of #7. We do not have a field on the pharm contact screens to document the reason for the edit.2/6 KP Ashlee and Allison approved. Pending approval from Dan and Michele/Lisa/Michael (Onsite). 10 Feb - Passed for all criteria for OSETesting changes for OSE in UAT - Only concern is my call out in acceptance criteria 6 – we are requiring value to be entered in uppercase but its displayed in proper case – can the display match the format that they are required to enter? In OSE view – I entered “FAX” but UI displays “Fax” – same entry in the DSK UI displays as “FAX” LMR - Retested after Ravi updated - passed for OSE  The same Pharmacy Contact Preference BMT will be stored, updated, and used in the DSK, OSE, and PVR flows. LMR - passed for OSE to DSK – entry made in OSE is present in DSK view Ability to prohibit duplicate entries - LMR passed for OSE Update functionality to include a confirmation pop up that user must “OKAY” or “Cancel” to prevent changed Update Times and Update Operator log when no change is made. 01/24 kp for future enhancement. Validation of preferred contact column and contact details to ensure all information is entered properly LMR passed for OSE Validation of fax format – example would include only numbers and character count to be exactly 10. LMR passed for OSE Update the Preferred Contact column to only allow Upper Case Entries to ensure consistency within the report. LMR - entry requires all upper case, but UI displays as proper case - this is confusing for users who would likely think they should enter as it is displayed. LMR - Retested after Ravi updated - passed for OSE If user edits a pharmacy's preferred contact type and/or contact information in Init-Pharm Contact   Any Pharm Contact screen, user will be required to document the reason for edit. User will be required to document the following as part of the reason for edit: 1) date of request, 2) method of request (e.g., email, fax, phone), 3) name of requester, and 4) reason for edit. to track all changes and reasons for changes can be saved and referenced if/when needed. Per Ravindrababu: Point #7 does not apply to Desk, INM and TN LMR - Passed for OSE2/13 - Failed criteria for INM & TNM flows2/16 Update to Testing The same Pharmacy Contact Preference BMT will be stored, updated, and used in the DSK, OSE, and PVR flows. MM - passed for INM & TNM – entry made in each environment is present in DSK/PVR/OSE views Ability to prohibit duplicate entries - MM passed for INM & TNM Update functionality to include a confirmation pop up that user must “OKAY” or “Cancel” to prevent changed Update Times and Update Operator log when no change is made. 01/24 kp for future enhancement. Validation of preferred contact column and contact details to ensure all information is entered properly MM - failed for INM & TNM email validations not being completed unless EMAIL is entered in PreferredContact column. When EMAIL is entered, validation is only that EMAIL column is not blank  Passed now for INM & TNM Validation of fax format – example would include only numbers and character count to be exactly 10. MM - Failed for INM & TNM. Checks not completed unless FAX is listed in PreferredContact column. Can enter more or less than 10 digits and letters in FAX column. Passed now for INM & TNM Update the Preferred Contact column to only allow Upper Case Entries to ensure consistency within the report. MM - passed If user edits a pharmacy's preferred contact type and/or contact information in Init-Pharm Contact   Any Pharm Contact screen, user will be required to document the reason for edit. User will be required to document the following as part of the reason for edit: 1) date of request, 2) method of request (e.g., email, fax, phone), 3) name of requester, and 4) reason for edit. to track all changes and reasons for changes can be saved and referenced if/when needed. Per Ravindrababu: Point #7 does not apply to Desk, INM and TN MM - did not test (not applicable) 2/24 AG:   Ashlee added User Acceptance Criteria #8 to clarify that FAX and EMAIL fields are both not required fields.2/27 AG:   @Uriti Ravindrababu , Not sure if this is ready to retest but checked today and noticed that the fax and email fields are both not required; However, it did let me add record 2018 which was set as email preferred without an email entered (fax was entered). It also allowed for another record called """"2018"""" to be entered which had no fax number even though fax is the preferred method. 2/27 AG:  All audit flows retested and have passed the update to remove the requirement to have both fax and email entered.",,,,
US5249158,PVR: DNA Carriers BMT (S.02),,Jennifer Salazar,Team: Pega Prefects,Accepted,12/28/2022,"Acceptance Criteria: A new Exclude Audit Flow column with a drop down to choose either: PVR or DSK/OSE, DSK, OSE, INM, and/or TNM  Add new columns (Exclude PVR, Exclude DSK, Exclude OSE, Exclude INM, Exclude TNM) with a drop down selection of """"Yes"""" and """"No"""" for each column, where the default will be set to """"No"""" and where I can select more than one audit flow to exclude. Ability to update Exclude Audit Flow selection after initial entry Update functionality to include a confirmation to """"Save Change"""" or """"Discard Change"""" to prevent changed Update Times and Update Operator log when no change is made. Update to the Bulk/Batch Import excel sheet to include new Exclude Audit Flow column  Leverage the current DNA BMT that is in place for DSK and OSE. Ability to prohibit exact duplicate entries A blank record where no data is entered should not be saved.  This is the same logic seen on the DSK flow.Scenario #1: Exclude Audit Flow TypeGiven a DNA record needs to be enteredThen the system will include a column where either PVR or DSK/OSE DSK, OSE, INM, and/or TNM can be excluded so the DNA will not apply to that audit type; Multiple audit flows can be selected for each entry. When I need to exclude the DNA for a particular audit flow type,Then I will have five columns called Exclude PVR, Exclude DSK, Exclude OSE, Exclude INM, Exclude TNM with a drop down selection of """"Yes"""" and """"No"""" for each column, where the default will be set to """"No"""" and where I can select more than one audit flow to exclude. Scenario #2: Confirmation Pop-UpGiven a user clicks on a line as if to edit a field in the tableThe system will have an option to save change or discard change Scenario #3: Discard ChangeGiven the user selects Discard ChangeThen the system will not capture the change and will not update the Update Times and Update Operator log Scenario #1:  Leverage the current DNA BMT that is in place for DSK and OSE.Given a DNA recordWhen a DNA record is entered in the DNA BMTThen the DNA will apply to all flows using the shared DNA BMT. Scenario #2:  Duplicate RecordsGiven a DNA record  When there is an exact duplicate recordThen the record will not be saved and the user will be alerted with """"Record already exists"""" Scenario #3:  Blank Records should not be savedGiven a DNA is neededWhen I enter the DNAThen there will be a requirement for at least one field (e.g., Carrier, Account, Group, Source Environment, or NCPDP) to have data in order to save.  The error message should read:   """"A Carrier, Account, Group, Source Environment, or NCPDP must be added to save"""".  This logic is already in the DSK flow but not in OSE or PVR flow.   "," 1/19: For duplicates we need to consider CAG(Carrier, Account, Group), Source Env ID and NCPDP.1/30:  Ashlee from Business requested modification to scenario #1 to add INM and TNM and split out DSK from OSE (not to combine the two) for the audit flow selection.  Multiple audit flows can be selected for each entry.   Was not able to test due to PARP issue. 2/1:  Ashlee updated the user story to remove the """"exclude audit flows""""; please remove the Exclude Flow from OSE and PVR PARP UAT. Done.2/2:  Ashlee added Scenario #3 @Gudipally Manoj Kumar Reddy to prevent blank records from saving which is found on the DSK flow.2/3:  @Gudipally Manoj Kumar Reddy , Ashlee's UAT shows that upon importing a blank record, the error message says:   .PharmacyNCPDPNumber: NCPDP must be numericals. Is this supposed to read """" A Carrier, Account, Group, Source Environment, or NCPDP must be added to save"""" ? Also, on import of the below, it says the same error message:  .PharmacyNCPDPNumber: NCPDP must be numericalsIs it requiring an NCPDP when the user doesn't want to put one?  ",,,,
US5249160,PVR: Manual Case Import BMT (S.02),,Jennifer Salazar,Team: Pega Prefects,Accepted,12/28/2022,"Acceptance Criteria: Ability to prohibit duplicate entries, if they have the same values in the following:  NCPDP, SourceEnvironmentID, Claim, ClaimSequence, ReferralReason, AuditType) Update functionality to include a confirmation pop up that user must “OKAY” or “Cancel” to prevent changed Update Times and Update Operator log when no change is made. PVR is  can be added to the Audit Flow Type drop down  field","01/12: BMT should delegated to leader roles1/19: Audit Type - We can leave it as text01/27:(NCPDP,SourceEnvironmentID,Claim,ClaimSequence,ReferralReason,AuditType) To prevent duplicate entry we checked all theses values with AND Condition (if all are already in system then we are considering as duplicate) ,please let us know if modification required 2/1 JS: @Chavala Malleswararao In validation, the BMT allowed me to enter a duplicate (matching NCPDP, Source Environment, Claim, Claim Sequence, Referral Reason and Audit Type)@Chavala Malleswararao When performing bulk change via export/import, all claims were entered on the template without zeros (e.g entered as 444444444444444) but when it translates into PARP it shows 4444440000000002/2 :Attached UTC with possible scenario, kindly let me know if I missed any scenario that cause the issue  2/2 JS: @Chavala Malleswararao @Kunjan Panchal the issue with the claim number is not resolved. I have tested it multiple times and when I add 15 digits in the claims number field it continues to translate into PARP different from what I entered. E.g. I entered 888888888888888 and after it is imported in PARP it says 888889000000000 (see sequence 110 for this example).2/3:I observed issue with excel format if we update claim column format as text this issue is not happening.2/7: Applying validation if last 7 digits of claim number having zeros. Need validation message verbiage  to display user2/7 JS: Please update name to match DSK and OSE (Manual Case Import) and please add a reminder (highlighted in yellow) after Please upload excel file containing claims to create a case.  Claim number column should be in number format. 2/8: added validation on claim to avoid zeros and  updated reminder label   ",,,,
US5249166,PVR: OSE Federal Holidays BMT (S.02),,Jennifer Salazar,Team: Pega Prefects,Accepted,12/28/2022,"Acceptance Criteria: I need ML to be able to reference the Federal Holiday BMT in order to select claims from the appropriate date (PVR ML US5211418) Reference US4698171 OSE: Federal Holidays  - Create and Maintain a Business Managed Table (BMT) for Federal Holidays BMT User can upload a Federal Holidays BMT to the system User can manually add new records to the BMT User can manually update and delete existing records in the BMT User can perform batch additions of new records to the BMT User can perform batch updates and deletions of existing records in the BMT User can filter and sort the BMT User can export the entire current BMT into an Excel file System will capture the user and date/time stamp of all BMT changes System will display an alert and require a user to acknowledge all manual and batch deletions of existing records in the BMT Failed BMT changes require that all data fields be populated and be in specific formats (see Notes)  Failed Any entry with the year starts with a 0"""" or has less than 4 digits Scenario 1: Manual Changes to the BMTGiven changes at any time to the BMTWhen a user manually adds new records or updates or deletes existing records in the BMTThen the system will accept and reference the changes made Scenario 2: Batch Changes to Existing Records in the BMTGiven changes at any time to existing records in the BMTWhen a user performs batch changes to records in the BMT with matching [Pharmacy State]Then the system will accept and reference the changes made Scenario 3: Batch Additions to the BMTGiven additions at any time to the BMTWhen a user performs batch additions of new records to the BMTThen the system will accept and reference the changes made Scenario 4: Minimum Required Information for BMT changes (Manual and Batch Changes)Given a user adds new records or updates existing records in the BMTWhen the changes do not include the minimum required information and/or are not in the required formatThen the system will reject the changes made and alert the user of the error Scenario #5: Table used in ML claims selection (Holiday Exclusion Logic US5211418Given ML Claim selectionWhen  ML runsThen it will pull from the Federal Holiday BMT to apply the holiday delay logic Scenario #6: Any entry with the year starts with a 0"""" or has less than 4 digits          Given the year is being enter in the BMT          When it has less than 4 digits and starts with a """"0""""           Then the system will reject with the message """"Incorrect year format""""","01/12: Need to remove performance guarantee BMT from this story1/18: Updated acceptance criteria JS1/31: Acceptance criteria #11 & #12 failed: #11: System will alert and require user to acknowledge all manual and batch deletions of existing records in BMT - Received alert for single record manual deletion, but not for batch deletion#12 BMT changes require that all data fields be populated and be in specific formats - Entered 1/2/203 in the Federal Holiday Date and batch import the file.  It passed validation and accepted as 1/2/0203 in the BMT. (CN)2/2/2023: Added acceptance #13 (Scenario #6) to reject entry with year that starts with """"0"""" and has less than 4 digits. (CN)",,,,
US5249169,PVR: Client Weights BMT (S.02),,Jennifer Salazar,Team: Pega Prefects,Accepted,12/28/2022," Acceptance Criteria: Need the table to be independent of DSK and OSE  Need the existing headers/columns from DSK and OSE but need a Client Name header/column as well (*Client Name if Possible)   See attached file for PVR Column Headers   User enters specific weighted metrics to apply to specific clients  Need the ability to weight a client as """"0"""" so we do not audit that client at all  User inputs carrier, account, group (need the ability to bulk upload, see #7) System captures date/timestamp and user ID upon entry  System allows for export/import of data  System alert upon any deletions  Need columns for create date/time, created by, updated date/time, updated by Need a validation rule that source environment must be numeric Need a rule to prevent duplicates if the fields CarrierID, AccountID, and GroupID are an exact match. Error message should say duplicate record exists.Scenario #1: Client weight of 0Given the need to exclude a client from PVRWhen the weight is entered as 0Then the client will not be included in PVR claim selection Scenario #2: System alert upon deletionsGiven a user initiates deletion of a client from the tableThen a pop-up will display that the user needs to acknowledge Scenario #3: Reason for deleting a clientGiven a user deletes a client from the tableThen the user must enter a reason/comment before the system deletes the client Scenario #4: Reason for changing a client weightGiven a user changes a client weightThen the user must enter a reason/comment before the change is applied","01/23: Scenario 3 not required as part of this story 1/31 JS: UAT-Unable to add, change, or delete records (manually nor by export/import); Do not need pharmacy name as a column header but we do need to add created date/time and created by columns; unable to test date/time stamp and user ID since I am not able to add/change/or delete records; pop-ups about configuration source for record editor 2/2 :updates have been completed you can manually update and pharmacy column header is removed, created by and create date time are available. 2/2 JS:@Neelarapu Vidya 1. Can you please add back the updated date/time and updated by columns? We need both, the created date/time, created by and update date/time and updated by; 2. Can you please add a validation check the source environment must be numeric and not letters? 3. Also, can we please prevent duplicate entries if the following fields are exact duplicates: CarrierID, AccountID, GroupID. Error message should say duplicate record exists.",,,,
US5249172,PVR: Chain Audit Limits BMT (S.03),,Jennifer Salazar,Team: Pega Prefects,Accepted,12/28/2022,"I need the Monthly Columns to be update to be a Business Days Columns: Sunday, Monday, Tuesday, Wednesday, Thursday, Friday, Saturday The system will allow me to make edits to the PVR Limits table I need to be able to make individual edits or bulk edits Follow headers in the attach spreadsheet   Group Name (e.g. CVS Health, Kroger Corporate Pharmacy)  Group By (e.g. Chain Name, Corp Entity Name, Parent Org Name)  Affiliation Code (chain code)  Sun  Mon  Tues  Wed  Thurs  Fri  Sat  Send Exact  Create Date/Time  Create Operator  Update Date/Time  Update Operator   Required fields are #1 to #10 above from Acceptance Criteria #4.   The days of the week fields (#4 to #10 above from Acceptance Criteria #4) should be numeric values Records with exact match of Group Name 02/09 Group By, and Affiliation should not be saved.  Error Message will read:  """"Duplicate record already exists""""","2/2/2023:  Business updated user story and the attachments.   Please refer to revised story and attachment.   @Neelarapu Vidya 2/6/2023:  @Neelarapu Vidya , updated user story with acceptance criteria 5-72/14/2023:  AG - Create Date/Time, Create Operator, Update Date/Time, and Update Operator are missing from the BMT.   Upon import, validations for required Group By, Group Name, Affiliation Code did not work.  Please see attachment for import file and failed file.  Whatever is displayed in the BMT is after I imported the items that did not fail the import validation.   2/14/2023: CN - #13 - for duplicate Group Name, eror message in BMT was """"This instance already exists"""" which was not what was noted in acceptance criteria. Pass",,,,
US5249179,PVR: HotKey DSCY Codes BMT,,Jennifer Salazar,Team: Pega Prefects,Accepted,12/28/2022,Acceptance Criteria: Update Flow Type to include PVR as a drop down selection. from DSK/OSE to DSK/OSE/PVR,"2/2 Need to confirm if PVR needs to be added DSK/OSE choice combinations.2/2:  Ashlee updated user story to update Flow Type from DSK/OSE to DSK/OSE/PVR2/8 JS: @Uriti Ravindrababu  From talking to DSK leaders, it appears that in addition to the combination DSK/OSE/PVR, each audit flow also need a stand-alone option in case we need to add a hot key that doesn't apply to the other audit flows. We were not aware of this requirement until now2/9 JS: Test the addition of stand-alone PVR to the audit flow type in UAT and it is now available. Will update business validation.",,,,
US5297149,PVR: SRC_ENV + CAG + Claim Volume Inclusion (S.03),,Jennifer Salazar,Team: Pega Prefects,Accepted,1/12/2023,"Acceptance Criteria: I need a configurable business managed table where I can specify source environment, source name, carrier, account, group and minimum claims volume for ML inclusion. Columns in the table should include    Record ID  Source Environment  Environment Name  Carrier  Account  Group  Claims Volume  Create Date/Time  Created By  Update Date/Time  Updated By   The Source Environments available in the drop-down selection are the following (in the order below):   480  490  500  510  580  620  640   Once a Source environment is selected, the environment name will auto-populate based upon the table below. Carrier, Account, Group fields will have available selection for NA or free text values (allows alpha and/or numeric values and/or special characters)   Special Character (Wild Card character) Example:  When used as a suffix, the wild card character will signify to ML to pull in all values that start with the specific prefix and any value after that prefix.     The Claims Volume field will have available selection for ANY or free text numeric values.   The Claims Volume field should have a required value, whether it is """"ANY"""" or a numeric value. Like all other BMTs, I need to the ability to export the table and use that export file as an import file. Like all other BMTs, I need the ability to import with the options to add/update, add, and delete entries. Like all other BMTs, if an import fails, I need to be able to download the file with the reasons why it failed. If I am importing a file, I need the system to validate the source environment (only the ones listed in the drop down) and environment name (should match the validation in #4).  Carrier, account, group fields have data in each field (""""NA"""" or other value). And that the Claims Volume field has a value (""""Any"""" or numeric value) I will need a column to inactivate/activate a record so that it is not permanently deleted. Carrier, Account, Group are required field           Source Environment         Environment Name             580         CCTA_PRD             500         A6_IRX             510         A5_CTR             490         BOOK2             620         A5_KSR             640         A2_AZM             480         BOOK1       See attachment for further information Interrelated US US5211399","2/8/2023 AG: According to ML Team, Divya, mentioned that it is preferable to have Active and Inactive versus True/False checkbox. Still verifying if ML prefers to have NA value versus blank.   ML initially responded that they don't want a special character like """"/"""" in the N/A.    Also verifying the source environ name that they prefer.2/9/2023 AG:  ML team prefers value NA for null values and """"Active"""" and """"Inactive""""; source environ name is OK.   Required value for CAG is OK.2/10/23 AG:   @Srikanth Reddy Male , please name the table:  Source and CAG Inclusion 2/13/23 AG:  Acceptance Criteria #13 failed during import process. Please look at record #11 in the BMT which allowed for a record to be saved without a carrier or account.   Would it be possible to also add in the following:  exact duplicate record validation and the following reminder message at the top of the BMT screen: NA should be used to indicate any and all values in the Carrier, Account, Group fields ANY should be used in the Claims Volume field if a specific volume is not required % should be used as a prefix or suffix wildcard value for the Carrier, Account, Group fields Alphabet values should be in capital letters2/14/23 AG:  Duplicate record logic= pass; reminder messages = pass.  Retested import process = exact duplicate logic is not allowing for a records to be updated when I am only changing the inactive/active status.   Attached the import file and the error file for your review.",,,,
US5347068,PVR: Source Environment + Offshore CAG  Restriction BMT,,Christine Nguyen,Team: Pega Prefects,Accepted,1/26/2023,"Acceptance Criteria: I need a configurable business managed table where I can designate a source environment as Offshore restricted I need the ability to specify that all CAGs (e.g., using """"N/A"""" blank values for Carrier, Account, Group fields) within a source environment or specific CAG combinations within a source environment are offshore restricted Columns in the table should include PASS   Seq ID (unique) - system automated value in sequential order  Source Environment  Environment Name  Carrier  Account  Group  Input Flag - added on 2/23/23 AG  Create Date/Time  Created By  Update Date/Time  Updated By   The Source Environments available in the drop-down selection are the following (in the order below): PASS   480  490  500  510  580  620  640   Once a Source environment is selected, the environment name will auto-populate based upon the table below. PASS Carrier, Account, Group will have available selection for N/A blank or free text values (allows alpha and/or numeric values and/or special characters). A blank value will indicate that any value is considered offshore restricted.   Example:   If the Carrier, Account, Group all have blank values, then all CAG combinations in that source environment are considered offshore restricted.   If a Group is left blank, then any CAG combination with that Carrier, Account, and all Groups will be offshore restricted.  2/24 AG PASS There is no limitation on the number of CAG combinations that can be entered for each source environment. Like all other BMTs, I need to the ability to export the table and use that export file as an import file. 2/24 AG PASS Like all other BMTs, I need the ability to import with the options to add/update, add, and delete entries. 2/24 AG PASS Like all other BMTs, if an import fails, I need to be able to download the file with the reasons why it failed, displayed on the rows that failed. 2/24 AG PASS When importing, I need a validation to prevent duplicate Seq IDs from being entered.2/24 AG PASS; However, is there a way to change the error message to read:  Duplicate SeqID already exists. If I am importing a file, I need the system to validate the source environment (only the ones listed in the drop down), environment name (should match the validation in #5 above) and to have the same validations as when I use """"Add record."""" 2/24 AG PASS If an offshore restriction CAG is added or appended, all existing cases in Pega (including cases and PVRs in progress) will be updated with the offshore flag. 2/23 AG moved this to US related to offshore restriction. I need a validation to occur for each entry that there is a value in the source environment field to allow the record to be saved. The environment name should auto-populate with the selected source environment.2/24 AG PASS I need the system to validate and prevent me from saving a record if there is already a record for that environment where the Carrier, Account, and Group all are blank when I try to add a new record for the same source environment. The error message will read:     Previous record(s) for this environment may conflict with this entry. 2/24 AG PASS I need the system to validate and prevent me from saving a record when I am adding a new record where the Carrier, Account, and Group all are blank and that there are previously saved records for the same source environment.     The error message will read:     Previous record(s) for this environment may conflict with this entry. 2/24 AG PASS I need the system to validate and prevent me from saving a duplicate record with exact match for environment, carrier, account and group.  2/24 AG  PASS I need the top of the BMT screen to have these reminders: 2/24 AG PASS A blank field should be used to indicate any and all values for the Carrier, Account, Group fields % should be used to indicate a prefix/suffix wildcard value for the Carrier, Account, Group fields          Source Environment         Environment Name             580         CCTA_PRD             500         A6_IRX             510         A5_CTR             490         BOOK2             620         A5_KSR             640         A2_AZM             480         BOOK1","02/01: Need to discuss on 12th point. need to check weather 5th point will be possible or not2/16 AG:  @Srikanth Reddy Male, Please name the BMT """"Offshore Restriction Maintenance""""2/24 AG:  Tried to import a file (attached) and received this error.  Problem in executing BatchUHG-PBM-PVR-Data-OffshoreRestriction: code: 156 SQLState: S0001 Message: Incorrect syntax near the keyword 'Group'.DatabaseException caused by prior exception: java.sql.BatchUpdateException: Incorrect syntax near the keyword 'Group'. | SQL Code: 156 | SQL State: S0001 Question on the validation.   I was able to endter record 8 & 9 even though record 7 with the wilcard exists.  However, when I tried to add record 11, the validation did not allow me to add the record likely due to record 10.   Should I have been able to add record 8 and 9?2/27AG:  Ashlee rechecked validation based on Srikanth's chat message that the validation rules were updated.   Also was able to import the large file.   ",,,,
US5434338,PVR:  DNA for Manually Imported Claims (S.04),,Ashlee Guillermo,Team: Pega Prefects,Accepted,2/20/2023,"Refer to US5294978 for DSK/OSE.  When records from the Manual Case Import BMT are being processedPARP (ETL) will check the requested records against the criteria of the DNA BMTIf a record in the MCI BMT matches the DNA BMT, then  The record will not be loaded by ETL A comment will appear on the record in the MCI so the user knows that the record will not be available due to DNA restrictions   Comment will read “DNA Conflict – not created”   A new column called DNA Remarks will be added to the PVR Manual Import BMT where the DNA conflict message will be displayed The DNA records from the Manual Import BMT can be archived with the rest of the records in the weekly archive process that occurs on Saturdays at 5pm ET. ","2/22 AG:  Representatives from DSK (Allison W.), OSE (LIsa R.), and INM/TNM (Dan D.) are in agreement with the acceptance criteria affecting all flows. 2/24 AG:  How can we test this part?   A comment will appear on the record in the MCI so the user knows that the record will not be available due to DNA restrictions   Comment will read “DNA Conflict – not created  2/27 Srikanth: IS_DNA_CLAIM(column used for ETl process) set to 'F' by default when we add new records into BMT.02/28 cannot test in UAT",,,,
US5466342,PVR: Errors Found in QC Part 1 (S.09),,Christine Nguyen,Team: Pega Prefects,Accepted,2/28/2023,"Acceptance Criteria:When a change is made to an editable field in a PVR from QC, they system will track the change(s) as an error 5/23 SV PassWhen a change is made to an editable field in a PVR from QC, the system should capture the before and after values; e.g. “original value ___ changed to revised value___ for <field>” 5/23 SV PassThe changes to editable fields (e.g. “original value ___ changed to revised value___ for <field>”) will be displayed in the audit trail of the claim 5/23 SV do not see changes made to editable fields in audit trail  05/25 per Business team- not needed.The system will count each change to the following editable fields during QC as an error that will be attributed back to the original auditor who submitted the PVR 5/23 SV PassValidated Qty -*Editable* field and **Required** fieldDirections for use-*Editable* field and **Required** fieldValidated Day Supply-*Editable* field and **Required** fieldDiscrepancy Code 1-*Editable* field and **Required** fieldDiscrepancy Code 2-*Editable* field Discrepancy Comments-*Editable* field and **Required** field (will be pre-populated with description from discrepancy code but user can edit, overwrite, add to commentPharmacy Adjusted Amount-*Editable* field and **Required** fieldClient Adjusted Amount-*Editable* field and **Required** fieldThere will be a way for the QC Reviewer to tell the system to """"disregard"""" the error so it does not get attributed to the original auditor (for example, when a change is made to a field during QC, the reviewer will get a pop-up asking them if they want to assign the error """"yes"""" or """"no""""There needs to be a way for a manager to remove an error from an auditors record if it was attributed to the auditor in error 5/23 SV: Nothing happens after trying to click Update the case (6/15 CN: move to US5895036 Part 2)The system will display an auditor's errors in a dashboard on their work page. User can export their errors from the dashboard. 5/23 SV PassSee User error dashboard The system will track all errors so an audit score can be calculated for each auditor for a particular date range using a report that a manager can run (see US5466265) 5/23 SV: When Export to Excel, the report shows the person that is pulling the report and not the assign auditor 5/26 SV PASSThe error score will be calculated as a percent of total opportunities for error; e.g. total of all errors divided by total opportunities for error 5/23 SV: the percentage showing is wrong  (6/15 CN: move to US5895036 Part 2)errors=number of required fields that were revised during QCopportunities for error=the number of required editable fields in which a user could possibly make an error during the PVR reviewThe errors score will be further broken down by error type as a percent to total errors; e.g. error types=which required editable fields were changed 5/23 SV: the percentage is not showing (6/15 CN: move to US5895036 Part 2)Add Source Environment between ClaimNumber and AuditorValidatedQty in the report (5/24 CN) (6/15 CN: move to US5895036 Part 2)Each claim has a total of 10 points (6/15 CN: move to US5895036 Part 2)Each potential error has a different weight in point: (6/15 CN: move to US5895036 Part 2)QC Validated Days Supply - 1 pointQC Validated Quantity - 1 pointQC Directions for Use - 1 pointQC Discrepancy Code 1 - 2 pointsQC Discrepancy Code 2 - 2 pointsQC Display Comments - 1 pointQC Preliminary Validated Pharmacy Paid Amt - 2 points 14. Each report will have the following headers: (see attachment) (6/15 CN: move to US5895036 Part 2)  a. Auditor Name  b. PVR Case ID  c. Source Environment Number  d. Source Environment Name  e. Claim Number  f. Call Note Entry Date (Date Auditor completed the review)  g. Auditor Validated QC  h. QC Reviewer Validated QC  i. Auditors Days of Supply  j. QC Reviewer Days of Supply  k. Auditor Directions For Use  l. QC Reviewer Directions For use  m. QC Reviewer Discrepancy Code1  n.  Auditor Discrepancy Code1  o. QC Reviewer Discrepancy Code2  p.  Auditor Discrepancy Code2  q. Auditor Discrepancy Comments  r. QC Reviewer DiscrepancyComments  s. Auditor PharmacyAdjustedAmount  t. QC Reviewer ClientAdjustedAmoun  u. Error  v. Score  w. Financial Error Count  y. Months QA Average  x. Review Date  z. QC Review Date  c. Total of Errors  d. Score  e. PVR Case ID  e. Claim Number  f. Error  g. Validated QC   g. Financial Error Count (Validated Phcy Payment Amount Error)  h. Months QC Average  i. Claim QC Comments Scenario #1: System to track changes made in QCGiven a user makes changes to a required editable field while in the QC queueWhen the change(s) is madeThen the system will track the changes as an errorPreliminary Validated Qty -*Editable* field and **Required** fieldDirections for use-*Editable* field and **Required** fieldPreliminary Validated Day Supply-*Editable* field and **Required** fieldDiscrepancy Code 1-*Editable* field and **Required** fieldDiscrepancy Code 2-*Editable* field and **Required** fieldDiscrepancy Comments-*Editable* field and **Required** field (will be pre-populated with description from discrepancy code but user can edit, overwrite, add to commentPharmacy Adjusted Amount-*Editable* field and **Required** fieldClient Adjusted Amount-*Editable* field and **Required** field  Scenario #2: System should capture before and after values as well as field nameGiven the QC queueWhen a change is made to an editable field on the QC screenThen the system will capture the before and after values as well and the field name that was changed Scenario #3: Displaying a record of changes in the audit trailGiven changes made to an editable field in QCWhen the system captures the change (before value, after value, field nameThen the change will be displayed in the audit trail Scenario #4: Attributing errors to auditors based on changes made in QCGiven a change(s) is made to an editable field in the QC queueWhen the system recognizes the changeThen it will count each change to an editable field as an error and assign it to the auditor who submitted the PVR Scenario #5: Reviewer can opt to assign the error or not assign the error to the auditorGiven a QC reviewer makes a change to an editable fieldWhen the field is changedThen the system will produce a pop-up asking if the Reviewer wants to assign the error to the auditor ","4/20 CN: Dev team will discuss the best way to capture all the data (before and after QC) and get back to Business5/23 SV: 1. missing usernames """"svalero2"""" and """"cnguy17"""". Can the usernames be listed in alphabetical order 5/26 SV - Usernames PASS Can the usernames be listed in alphabetical order? 2. Changes in editable fields are not showing in the Audit trail - 5/26 AG per 5/25/23 conversation with Pega team, the changes in the fields for each claim will not be recorded in the audit trail of the case.3. Export to excel is labeled as the assigned auditor but the details are showing the person pulling the report 5/26 SV - PASS 5/24 CN: @Tirumalasetty Niharika l added acceptance criteria #11 to include Source Environment between ClaimNumber and AuditorValidatedQty ",,,,
US5895036,PVR: Errors Found in QC Part 2 (S.13),,Christine Nguyen,Team: Pega Prefects,Accepted,6/16/2023,Acceptance Criteria:There needs to be a way for a manager to remove an error from an auditors record if it was attributed to the auditor in error 5/23 SV: Nothing happens after trying to click Update the case (CN: from US5466342 Part 1)The error score will be calculated as a percent of total opportunities for error; e.g. total of all errors divided by total opportunities for error 5/23 SV: the percentage showing is wrong (CN: from US5466342 Part 1)errors=number of required fields that were revised during QCopportunities for error=the number of required editable fields in which a user could possibly make an error during the PVR reviewThe errors score will be further broken down by error type as a percent to total errors; e.g. error types=which required editable fields were changed 5/23 SV: the percentage is not showing (CN: from US5466342 Part 1)Each claim has a total of 10 points  (CN: from US5466342 Part 1)Each potential error has a different weight in point: (CN: from US5466342 Part 1) QC Validated Days Supply - 1 pointQC Validated Quantity - 1 pointQC Directions for Use - 1 pointQC Discrepancy Code 1 - 2 pointsQC Discrepancy Code 2 - 2 pointsQC Display Comments - 1 pointQC Preliminary Validated Pharmacy Paid Amt - 2 points   7.  Each report will have the following headers: (see attachment) (CN: from US5466342 Part 1)  a. Auditor Name  b. PVR Case ID  c. Source Environment Number - 7/6 CN - incorrect order  d. Source Environment Name - 7/6 CN - incorrect order  e. Claim Number - 7/6 CN - incorrect order  f. RIP Completed Date (Date Auditor completed the review) - 7/6 CN - incorrect order  g. Auditor Validated QC  QTY  h. QC Reviewer Validated QC  QTY  i. Auditors Days of Supply  j. QC Reviewer Days of Supply  k. Auditor Directions For Use  l. QC Reviewer Directions For use  m. Auditor Discrepancy Code1  n.  QC Reviewer Discrepancy Code1  o. Auditor Discrepancy Code2  p.  QC Reviewer Discrepancy Code2  q. Auditor Discrepancy Comments  r. QC Reviewer DiscrepancyComments  s. Auditor PharmacyAdjustedAmount  t. QC Reviewer ClientAdjustedAmount  u. Error  v. Score  w. Financial Error Count  y. Months QA Average - 7/6 CN - missing on report  x. Review Date - 7/6 CN - missing on report  z. QC Review Date - 7/6 CN - missing on report," 7/6 CN: some of the columns on the report are in incorrect orders. See attached report. 7/13 CN: #1 - Nothing happens after trying to click """"Update"""" Auditor: svalero2 PVR-0723-278. I ran another QC error report and svalero2 case was completely removed.  Even though I only selected """"PharmacyAdjustedAmount"""" as the error type.  QCReviewerName is missing on the report  I've attached a copy of the QC Error Report that need to be verify. @Tirumalasetty Niharika , can we meet so I can walk you through the errors I've noticed? 7/14CN: Updated header on Column S: Auditor PharmacyPaidAmt and column T: QC Preliminary Validated Pharmacy Paid Amt. 7/20 CN: @Tirumalasetty Niharika I'm still unable to remove an error from auditors record. There wasn't any checkbox in the """"status"""" column when selected error type and clicked update. (see attached SnagIt video)Some errors were not populated correctly in the QC Error report. I've reviewed a few cases and put notes in the """"Comments"""" field on the report (attached). 7/26 CN: @Tirumalasetty Niharika Status box was not checked after updating error type (see attached video). 7/27CN: Pass  Are we able to track the error type that was removed from user's record?",,,,
US5240950,PVR: Ready for QC (S.08),,Christine Nguyen,Team: Pega Prefects,Accepted,12/22/2022,"Acceptance Criteria:Once a PVR has been completely reviewed in the status of """"Review in Progress"""", I need the case to route to a QC queue for second level review- 5/23 MR -PassThe PVR status will update to Ready for QC- 5/23 MR-PassWhen a PVR is in No Response status, and the auditor confirms that no response was received (via the drop down menu), then the system will mark the claims to reflect Discrepancy Code 3D (prescription Hard Copy not found) and a full recoupment is recorded- 5/23 MR-PassAfter the system marks the claims as 3D and a full recoupment is recorded, then the status will update to """"Ready for QC""""- 5/23 MR-PassA batch claim findings option is available, similar to DSK.- 5/23 MR- Pass Scenario #1:Given a PVR with documents has been reviewed by a user in the Review in Progress status  When the user is ready to have the PVR go to 2nd level reviewThen user will have a button to submit the PVR to the QC queue Scenario #2:Given a PVR When the PVR has been submitted to the QC queueThen the status will change to Ready for QC Scenario #3: No response confirmed by userGiven a PVR in No Response statusWhen the user confirms that no response was receivedThen the system will issue a 3D discrepancy code and full recoupment is recorded Scenario #4: Update status from no response to ready for QCGiven a PVR in No Response statusWhen the user confirms that no response was receivedThen the status will update to Ready for QC Scenario #5:  A batch claim findings option is available, similar to DSK.Given a PVR is ready for QCWhen the user wants to issue findings for multiple claimsThen PARP will have a """"batch claim findings"""" option/button so that user can work on multiple claims in the PVR at the same time. Acceptance Criteria from US5240953:Only Managers and SuperUsers can pull from the QC queueAuthorization to pull from the QC queue should be configurable SuperUsers and ManagersQC'ers will have access to the following information for each caseAudit IDAuditor's nameClaim numberRx NumberFilled DateDrug NameQuantity FilledValidated QuantityDay SupplyValidated Day SupplyDiscrepancy Code 1Discrepancy Code 2Discrepancy CommentsOver Payment AmountApproved Amount PaidClient Due AmountCarrierMember NamePrescriber NPIPrescriber Last NameThe QC'er will have access to the records (hard copies, etc.) submitted  by the pharmacyThe QC'er will have the ability to enter QC commentsThe QC'er will have the ability to approve the QCOnce the QC is approved, the case will move to results letter generationThe QC'er should have the ability to review the results letter before it is sentA QC'er is not able to QC their own PVR Scenario #1: Access to QC queueGiven cases in the QC queueWhen a user tries to access the queueThen only user who are authorized can access the queue Scenario #2: QC access is configurable by the businessGiven the need to grant or revoke a user's access to the QC queueWhen the business needs to make the changeThen the system will allow it Scenario #3: Fields visible to QC'erGiven cases in the QC queueWhen the QC'er accesses cases in the queueThen they can see the following information for each caseAudit IDClaim numberRx NumberFilled DateDrug NameQuantity FilledValidated QuantityDay SupplyValidated Day SupplyDiscrepancy Code 1Discrepancy Code 2Discrepancy CommentsOver Payment AmountApproved Amount PaidClient Due AmountCarrierMember NamePrescriber NPIPrescriber Last Name Scenario #4: Access to records from the QC queueGiven cases in the QC queueWhen the QC'er accesses cases in the queueThen they will have access to the records submitted by the pharmacy for that PVR case Scenario #5: QC CommentsGiven cases in the QC queueWhen the QC'er accesses cases in the queueThen they can enter comments regarding the QC of that PVR case Scenario #6: QC approvalGiven cases in the QC queueWhen the QC'er accesses cases in the queueThen they can approve the PVR case from the QC queue Scenario #7: Letter Generation after QC approvalGiven cases in the QC queueWhen the QC'er approves the QCThen the case will move on to results letter generation Scenario #8: Letter preview after QC approvalGiven cases in the QC queueWhen the QC'er approves the QCThen the QC'er will be able to preview the results letter before it is sent Scenario #9: A QC'er is not able to QC their own PVR -  6/8 CN: passGiven cases in the QC queueThe QC'er is unable to QC their own casesBased on their MSID","  3/31/2023 AG:  Added that we need to have batch claim findings option.4/6 JS per PEGA team, add acceptance criteria from US 5240953 to this US (added below)5/23 MRValidated fields are not visible until after QC. For DSK when the case is in ready for QC the validated qty's and discrepancy codes, etc. are populated Able to open and start the QC process as an Auditor. Should only allow SuperUsers and Managers to be able to QC. QC Validated Days Supply populates Text instead of number QC Discrepancy comment did not auto populate after selecting a HotKey code3D is not auto populating QTY, DS and QC Paid amount. QC validated QTY shows needed even though it has been filled.    5/24 JS-During review,, the auditor entered a discrepancy code  of 2X, During QC it was updated to N but the original Audit comments were retained and the results letter has the incorrect discrepancy comments but the correct description (the discrepancy comments on the results letter belong to code 2X but the description belongs to N.   6/1 AG:  per previous discussion, PVR only needs QC pass/fail at the claim level and not at the case level.6/2: @Christine Nguyen updated code deployed into UAT kindly check let me know if see any issues 6/6 CN: Discrepancy code was changed to 2W (Quantity) from N (No discrepancy) during QC.  The hot key was also updated to 2W, but the discrepancy comments on the results letter remained the same """"No Discrepancy identified"""" for """"N"""".  6/7 AG:  @Chavala Malleswararao , PVR-855 Maria Rivera and PVR-625 Sabrina Valero were able to QC their own work.    Please see scenario #9 below. - 6/8 CN: pass 7/7 SV: PVR-0723-278 and PVR-0723-912 are missing the AuditComments portion when doing Ready for QC 7/11CN: Pass (see note from 7/11 below)  7/11 CN: AuditComments is available in Ready for QC. ",,,,
US5765946,PVR: Ability to Skip QC for Violation for Code 3D (S.11),,Jennifer Salazar,Team: Pega Prefects,Accepted,5/11/2023,"Acceptance CriteriaI need to be able to designate which user's cases can bypass QC when the results for all claims within the case are 3DI need to be able to modify which users' cases go to QC and which users' cases bypass QC when the findings for the case are 3DFor a user whose 3D violation case can bypass QC, Once the user submits the findings from review in progress, I need the user to be taken to the Pharm Contact Screen to request, preview, and generate the results letter Once the results letter is sent, the case should go to Ready for FAFR 6/9/23 JS PassIf the pharmacy is found on the No PVR Results Letter BMT, then the user will not be taken to the screen to send the letter and the status will move to Ready for FAFR 6/9/23 JS PassOnly onshore and offshore managers can designate which users cases can bypass QC.[05/18 Jeni] 6/9/23 JS Pass","6/5/2023 AG:  If the case has multiple claims, the case can only skip QC if all the claims in the case are deemed as discrepancy code 3D.   6/9/23 JS Passed6/8/2023 JS: @Chavala Malleswararao  Validation for ensuring only a valid MSID is entered into the BMT is not working:6/9:valid MSID is fixed please revalidate 6/9/23 JS passed for +Add Record  @Chavala Malleswararao  When I try to request the letter I get an error 6/9/23 JS I retested this claim and I was able to Request and Preview the letter but when I tried to Generate the letter I get the same message as below; also retested with a couple of newer cases and got same message; 6/12/23 JS Re-tested with same result. PVR 1621 and PVR 1946, see video attached for PVR 1946@Jennifer Salazar  :6/16 please revalidate let us know if you still face same issue .  6/16JS Pass  6/9/23 JS @Chavala Malleswararao I am unable to update the BMT via export/import. I am trying to add cnguy17. When i have both skip validation boxes checked it fails 6/9/23 Pass but user has to remember to uncheck all skip validation boxes for it to work properly  When I hit Finish, it added 2 blank lines to the BMT I tried it again by unchecking the 1st skip validation box it shows it is successful but the record does not get get added to the BMT and it adds another blank row",,,,
US5774679,PVR: Preliminary Overpayment Amount Defaults to $0 When Discrepancy Code is N (S.12),,Jennifer Salazar,Team: Pega Prefects,Accepted,5/15/2023,"Acceptance Criteria:From the Review in Progress or QC Screens, when the discrepancy code entered is """"N"""" the system should default to $0 in the Preliminary Overpayment Amount field  6/16JS PassScenario #1:Given an auditor enters a discrepancy code for a claim as """"N"""" No FindingsThen the system should auto-populate the Preliminary Overpayment Amount field with $0","6/1/23 CN: already functional in QC screen 6/13/23 JS @Neelarapu Vidya When I entered discrepancy code """"N"""", it zeroed out the Validated Quantity and Validated Day Supply and Preliminary Validated Pharmacy Paid Amount. The requirement for this story was only to zero out the Preliminary Overpayment Amount, not the other fields.6/13/2023 @Jennifer Salazar 6/14 JS @Neelarapu Vidya I retested and the payment fields are still flip flopped. The Preliminary Overpayment Amount should be $0 and the Preliminary Validated Pharmacy Paid Amt should be $5121.61 6/16 JS if the discrepancy code was originally N and overpayment amount had auto-populated with $0, if a user changes the code to a different discrepancy code, then the system  will wipe out the payment fields so a user will have to manually input the data 6/16 JS @Neelarapu Vidya Did not pass. I changed the discrepancy code from N to 1H and it did not wipe out the payment fields, they stayed as they were when the N had been entered. Also, when I changed the discrepancy code from N to 1H, it retained the discrepancy comments from N and added the comments from 1H; the test was done before and after saving """"N"""" and also after submitting the """"N"""" and trying to change it in QC with the same result 6/19 JS @Neelarapu Vidya I tested this from the Review in Progress screen and the QC screen. From the Review in Progress screen, I initially entered """"N"""" and saved and then changed it to """"1A"""". I did wipe out the Preliminary Validated Pharmacy Paid Amt and Preliminary Overpayment amount so it is functioning properly. However, when I tested it in QC and changed the discrepancy code from """"N"""" to """"1A"""" it did not  wipe out the payment fields so it is not functioning as expected in QC. Also, the old discrepancy comments are still being retained when the code is discrepancy code is changed so I will submit a new task for that. 6/26 JS @Neelarapu Vidya I tested in QC and it is still not working properly. I tried updating the discrepancy code from N to several different discrepancy codes and the overpayment field dot not revert back to the original dollar amount. Only when I chose 3D did it revert back to the original dollar amount. And then when I tried to switch from 3D back to N the dollar amount did not change back to $0. I attached a video  6/30 JS: Spoke with Vidya and went through the criteria for QC when the code is changed from N to a different code (any code except 3D) then the QC Preliminary Validated Pharmacy Paid Amt * field should be wiped clear so the QC reviewer is forced to enter a dollar amount before they can proceed. If we do not wipe it clear we risk the QC reviewer forgetting to make adjustments to the amount and the case may have the wrong recovery amount. 7/11 JS Passed  7/3 JS @Neelarapu Vidya I sent you an email with findings from my testing. Please let me know if you want to meet with me on Wednesday to go through it together so I can show you what I am seeing on my end.7/11 JS @Neelarapu Vidya This is functioning as intended, thank you!   ",,,,
US5866301,PVR:  Hot Key and QC (S.13),,Ashlee Guillermo,Team: Pega Prefects,Accepted,6/7/2023,"During Review in Progress, if the discrepancy code hot key is updated (whether it is Hot Key 1 or Hot Key 2), the previous comments that were populated should be removed and replaced with the new discrepancy comments that correlate with the updated hot key(s).  For instance, if a user initially chose Hot Key 1 as """"N"""" and then updated the Hot Key 1 as """"1N"""", the initial comment of """"No discrepancy identified"""" should be removed and replaced with """"Incorrect Days Supply:  Submitted Days Supply on Claims is Incorrect.""""  The same logic should apply if the change was made to Hot Key 2.  7/6 AG:  PASS; once the discrepancy code 1 or 2 changes, all the comments are cleared out and user needs to reselect the hot keys again.  This is acceptable.During the QC review, if the QC discrepancy code hot key is updated (whether it is QC Hot Key 1 or QC Hot Key 2), the previous comments that were populated should be removed and replaced with the new discrepancy comments that correlate with the updated hot key(s).  For instance, if a reviewer initially chose Hot Key 1 as """"N"""" and then the person doing the QC updated the QC Hot Key 1 as """"1N"""", the initial comment of """"No discrepancy identified"""" should be removed and replaced with """"Incorrect Days Supply:  Submitted Days Supply on Claims is Incorrect."""" The same logic should apply if the change was made to QC Hot Key 2.  7/6 AG:  PASS; once the discrepancy code 1 or 2 changes, all the comments are cleared out and user needs to reselect the hot keys again.  This is acceptable.Anytime a user completely removes a Hot Key 1 or 2 OR QC Hot Key 1 or 2 (for example, reverts back to """"Select""""), then the comment that correlates to the Hot Key will be removed from the comments. 7/6 AG:  PASSIn Scenarios 1-3 above, the user must still be able to make modifications to the comments manually such as manually deleting the comments or adding/removing characters or words.The Hot Key 1 must be a required selection field. 7/6 AG:  PASSEach claim QC field must be required (e.g., select Pass or Fail) before a QC user can click on submit to move the case.7/6 AG:  PASS","6/30 JS Spoke with Naga about a proposed solution. They are not able to wipe out only the comment of the code that was changed so the plan is that if user changes one of the discrepancy codes (either 1 or 2) then all comments will be wiped clear and they have to select both Hot Keys (the one that was changed and the one that was not changed) in order to re-populate the correct comments before they can move on. I gave him the go-ahead to proceed as this seems to be the best option available to us and will assure we have the correct comments in the PVR and on the letter.  7/3 JS @Chavala Malleswararao  I changed Discrepancy Code 1 and it did wipe out the comments for both code 1 and 2 but it let me save without selecting Hot Key 2. Since there is a discrepancy code in the Discrepency Code 2 filed, then selecting the Hot Key 2 should be required before user can saveLikewise, I deleted the discrepancy code from Discrepancy Code 2 field and it did erase the comments but again it let me save without requiring me to select the Hot Key 1 From the QC screen if I change one of the discrepancy codes it does not wipe out the other Hot Key, It only wipes out the one that was changed. Please see 2 attached videos. 7/5:@Ashlee Guillermo updated code moved to UAT please revalidate and kindly let us know if still face issue.  7/5 JS @Chavala Malleswararao Please see video. When I changed the hotkey for discrepancy code 2 during review in progress, it did not remove the previous comments, instead it added a 3rd commentFrom the QC screen I changed discrepancy code 1 and it let me save and submit without selecting hot key 2, please see video. It also let me submit the QC without selecting pass or fail7/6:CN: Please revalidate US.   ",,,,
US5459957,PVR: RightFax Testing and Integration (S.08),,Jennifer Salazar,Team: Pega Prefects,Accepted,2/27/2023,"Outbound Success:Once the PVR case letter has been reviewed, the system will pull the letter from PARP NAS location  and send via Enterprise RightFaxRightFax will refer to Pharmacy Contact Preference BMT or pharmacy detail tab for the fax numberThe status will be update to Init/Reminder/Results Pending Fax once the fax was sent and waiting for acknowledgement PassOnce the fax has been sent successfully, the status will be update appropriately:Init Pending Fax -> Init Waiting for Response PassReminder Pending Fax -> Final Waiting for Response PassResults Pending Fax -> Ready for FAFR Could not validate 6/1 JS Pass Fulfillment in Correspondence section - Capture date/time fax, have success or failure & number of pages I see date/time and success but not number of pages; 5/23 MR - Number of pages shows in Review in Progress and Ready for QC status, but does not show in Init Waiting for Response  or Ready for FAFR status; 6/1 JS Number of pages only displayed in some statuses but not all (ex PVR 479, no number of pages  displayed) 6/16 JS PassOnce faxes are sent, we want to be able to see how many total pages vs how many were successfully sentIf number of total pages vs sent pages does not match, we need the status column to say “Incomplete” Could not validate (5/22 kp need to check with rightfax team) 06/15 this is complete. 6/16JS Team will try and force the total pages to be different from the sent pages so we can test this 6/19 JS PassIf number of total pages vs sent pages does match, we need status column to say “Success”  PassIf fax completely fails, the Status column will say “Failed” Pass Inbound Success:When records are received from the pharmacy the system will recognize the QR code on the letter and attach the records to the associated PVR in PARP (covered in US5240941 - Documentation Received from Pharmacy) PassIf fax barcode is successfully read the fax will be systematically sent to the Fax Archive folder Passed in UAT                                                                                                                                                                                         Any/All fax attachments will be stored here for UAT:  \\nasv0048\Pharmacy_Network_Audit_NAS\PVR\PARP\FxArc\UATAny/All fax attachments will be stored here for Prod:  \\nasv0048\Pharmacy_Network_Audit_NAS\PVR\PARP\FxArc\PROD                                                                                                                                   Outbound Failures:If the fax failed, the system will make 2 additional attemptsIf the fax failed after 3 attempts, then the PVR case will be move to the Corr Failed queue (Init/Reminder/Results) PassOnce the count of the PVR in the Corr Failed Queue reaches a certain % threshold, then I need the system to alert the Onshore and Offshore PVR Manager and Super User roles in PARP - pop up screen will display in any screen you are in within PARP (email is a back-up if you are not in PARP; daily % failed in each status (init, reminder, results)   Pass                                                                                                     """"ALERT!! Init Corr Failed Queue is at 20% failure rate"""" 5/23 EH Pass (at 10% Threshold)""""ALERT!! Reminder Corr Failed Queue is at 20% failure rate"""" 5/23 EH Pass (at 10% Threshold)""""ALERT!! Results Corr Failed Queue is at 20% failure rate"""" 5/23 EH Pass (at 10% Threshold)The % threshold should be configurable for each Corr Failed Queue (need a separate user story for this, if not already written) Can this just be hard coded and we would update it with an IT requestA notification email to send to PVR team mailbox (ORXPVR@optum.com) when the PVR cases are in all Corr Failed queue. Have both pop-up and email. An email only when the threshold exceeds a specific value """"ALERT!! Init Corr Failed Queue is at 20%failure rate"""" (send alert at 1PM ET) Pass 5/23 EH- Never received email (at 10% Threshold). Last Init Corr Failed email was received on 5/8. 6/1 JS Pass""""ALERT!! Reminder Corr Failed Queue is at 20% failure rate"""" (send alert at 3PM ET)  Could not validate  5/23 EH- Never received email (at 10% Threshold) 6/1 JS Pass""""ALERT!! Results Corr Failed Queue is at 20% failure rate""""  (send alert at 8PM ET)   Could not validate  5/23 EH- Never received email (at 10% Threshold)    6/1 JS Pass                                                                                                                                                                                     System will send a notification alert in PARP when the all Corr Failed Queue are at the specific threshold:                                              """"ALERT!! Init Corr Failed Queue is at 20% failure rate"""" Could not validate         6/1 JS Pass                                                                                                                                                                         """"ALERT!! Reminder Corr Failed Queue is at 20% failure rate""""  Could not validate  6/1 JS Pass                      """"ALERT!! Results Corr Failed Queue is at 20% failure rate""""  Could not validate  6/1 JS PassInbound Failures:If the fax is sent without  barcode or the barcode can't be read, the fax will need to be systematically sent to a specified folder (There will be a separate US for NAS folders).   Failed attachments will be sent to:  \\nasv0048\Pharmacy_Network_Audit_NAS\PVR\PARP\Failed Attachments\UAT   AND     \\nasv0048\Pharmacy_Network_Audit_NAS\PVR\PARP\Failed Attachments\PROD ((covered in US5240941 - Documentation Received from Pharmacy.     Passed in UAT                                                             ","From Peter on 04/10 basic steps to consider while testing: Below are the basic steps involved for testing outbound and inbound faxes. All inbound would involve sending test faxes to the (Designated ) number and looking for the correct arrival location NAS ETC.  and also that the copy is correct if you intend creating of a copy .Outbound would involve setting up a control file and insuring the correct operation when dropped on the NAS .The two things to monitor are ..When the control file is dropped in approx. one minute a fax should arrive at the required destination .The notification should be checked at the correct location also look for  correct status etc. It is desirable to also send some  faxes to bad numbers which don’t get sent so you need to check forThe correct status again .Any scenario where a fax is sent and no notification arrives needs to be investigated and resolved. 4/17 CN: updated failure rate at 20% and alert time: """"ALERT!! Init Corr Failed Queue is at 20%failure rate"""" (send alert at 1PM ET)""""ALERT!! Reminder Corr Failed Queue is at 20% failure rate"""" (send alert at 3PM ET)""""ALERT!! Results Corr Failed Queue is at 20% failure rate""""  (send alert at 8PM ET)   4/19 CN: Per Dev Team, added notification alert in PARP (#6 under Outbound Failures)     5/9: Inbound FAX numbersPVR UAT: 844-732-5919PVR PROD: 855-202-6328 5/23 AG:   @Vineeth Yerramsetti, @Gowlikar Neeraj Lal  this example shows 10 pages sent but only 3 were sent @ ",,,,
US5774807,PVR: Email Group Mailbox When Records are Received and Case is not in Waiting for Response Status,,Jennifer Salazar,Team: Pega Prefects,Accepted,5/15/2023,"Acceptance Criteria:If case is not in a “waiting for response” status, when new records are received an email will be sent to the assigned auditor if any (existing feature) AND to a group mailbox to notify them a response was received.  orxpvr@optum.com Scenario #1When a response attaches to a case in PARP, if the audit is not expecting a response, a system email is sent to the assigned auditor if any (existing feature) and to the PVR group mailbox to alert the team that a response has been attached but audit/case has not moved; (this is an existing process for responses automatically attached from received faxes for DSK. ) Pass",6/2 JS This can be accepted once it is moved to Complete. Emails are showing up in the Group mail box,,,,
US5240942,PVR: Manager or Superuser Manually Assigning/Reassign PVR to an Auditor,,Christine Nguyen,Team: Pega Prefects,Accepted,12/22/2022,"Acceptance Criteria:As a Manager and SuperUser, the system will allow me to reassign cases to different auditors at any timeThe system will allow me to move a single case or multiple cases to a new auditor at any timeThe system will remove it from the original auditors work basket and move it to the new auditor work basket when prompted by the manager or SuperuserThe system will require a comment to be left when moving a case from one auditor to another auditor in the systemThe system will retain all previous action taken on the case when it is moved from one auditor to anotherThe system will retain the original due dates when the case is moved from one auditor to anotherThe system will not allow a manager or Superuser to assign offshore restricted work to any user with an offshore secure roleThe system will not allow a manager or Superuser to assign QC to any user with an auditor secure role  Scenario #1: Manager is able to reassign casesGiven a PVR case is assigned to an auditorWhen there is a need to reassign a case to another auditorThen the system will allow the manager to move the case to a new auditor at any time Scenario #2: Moving a single case or multiple cases to a different auditorGiven cases need to be reassigned to a different auditorWhen the manager needs to move casesThen the system will allow them to move a single case or multiple cases at one time Scenario #3: Moving a case from one auditor to anotherGiven a case is assigned to an auditorWhen the manager prompts the system to move the case(s)Then the system will remove the case(s) from the original auditor's work basket  and move it to the new auditor's work basket Scenario #4: Comment when reassigning casesGiven a case reassigned to a different auditorWhen the case is reassignedThen the system will require a comment to be entered Scenario #5: Retaining previous actions when case is reassignedGiven a case is reassignedWhen the case is reassignedThen the system will retain the information of all previous actions taken on the case Scenario #6: Retaining  the original due date on a reassigned caseGiven a case is reassignedWhen the case is reassignedThen the system will retain the original due date when the claim is moved from one auditor to another Scenario #7: Notice to manager who is trying to assign Offshore restricted work to an offshore employeeGiven a manager is assigning or reassigning workWhen the manager attempts to assign offshore restricted work to an offshore employeeThen the system will display to the manager that a case(s) is offshore restricted so the manager can unselect the restricted case(s) and reassign that case to an onshore user Scenario #8: Preventing offshore restricted work from being assigned to an offshore employeeGiven a manager is assigning or reassigning workWhen the manager attempts to assign offshore restricted work to an offshore employeeThen the system will not allow the work to be assigned to the offshore employee and an error message will display Scenario #9: Preventing an auditor from being assigned QC workGiven a manager is assigning or reassigning workWhen the manager attempts to assign QC work to a user with an auditor secure role (UPDATED 2/27AG:   Clarify that QC work = Ready for QC and Results Pharm Contact statuses)Then the system will display an error message and prevent the QC to be assigned to the auditor **5/5 JS: it was ntoiced in UAT that an auditor (onshore and offshore) are able to assign work to others. This was to be limited to Managers and Superusers but we will hold off on reporting it as a defect for now in case we decide to keep this functionality. Interrelated User Stories:Audit Timeframe Due DateLeader DashboardWork Landing PageWorklist Status",2/17 JS added requirements to prevent offshore restricted work being assigned to offshore employees and requirements to restrict QC from being assigned to an auditor. 5/5 JS: it was ntoiced in UAT that an auditor (onshore and offshore) are able to assign work to others. This was to be limited to Managers and Superusers but we will hold off on reporting it as a defect for now in case we decide to keep this functionality.,,,,
US5240978,PVR: Manager Dashboard (S.03),,Christine Nguyen,Team: Pega Prefects,Accepted,12/22/2022,"See attached file for mock-upAcceptance Criteria: When a manager launches the PVR PARP system, it takes them to a manager dashboard I will be able to drill down in each section for more details I will see a work queue section that displays the number of New PVR cases  I can drill down in the New PVR Cases Work Queue and see the Status Summary The Status Summary will display the number of Cases in that Status When I drill down in the Status Summary the Cases in that Status will be listed in a tableTable Headings will be: Case ID Pharmacy Name Pharmacy NCPDP Case Origination Status Days in Status Offshore Restricted ML Rank Chain Code I will see a PVR Stages section which will list out the different stages: Initiation; Records Received; Financial Recovery I can drill down in each PVR Stage and see the Worklist Status Summary section that lists all the statuses in each PVR Stage Next to each Worklist Status will be the number of PVRs in that Status I will see a Team members section that will list all team members (including leadership) on the PVR Team Next to each team member will be the number of PVRs assigned to that person (in their My Worklist dashboard) I can drill down at the employee level to see all of the details of the PVR assigned to that employeeTable Headings will be: Case ID Pharmacy Name  Current Operator Assigned Auditor Due Date Status Days in Status Offshore Restricted ML Rank Chain Code When I drill down in the Worklist Status summary the PVRs in that Worklist Status will be listed in a tableTable Headings will be: Case ID Pharmacy Name  Current Operator Assigned Auditor Due Date Status Days in Status Offshore Restricted ML Rank Chain Code When I hover over the different Worklist Statuses the definition of the status is displayed I am able to sort and filter the columns in the tables ","2.8 JS: @Tirumalasetty Niharika We have attached a file with the list of statuses we want displayed on the manager dashboard (column F) and also which statuses we think a manager may need to assign. 2.9 JS: @Tirumalasetty Niharika I update the file with which statuses a manger can assign2/22 AG:  @Tirumalasetty Niharika It is OK to display the pharmacy name, pharmacy NCPDP, current operator, due date, assigned auditor, status, days in status, and chain code for offshore managers (verified with Optum Compliance). ",,,,
US5400287,"PVR: Refresh, Assign, Cancel Audit Actions",,Jennifer Salazar,Team: Pega Prefects,Accepted,2/9/2023,"Refer to Actions Drop Down tab on attachment for actions needed for each audit status screen.An """"x"""" for an action indicates the action needs to be applied to the status in PVRBlank for an action indicates the action does not need to be copied or added for the audit status screen for PVREach added action has the same functionalities as DSK/OSE.Each copied/added action takes the user to a screen with the same layout as its equivalent action in DSK/OSEEach copied/added action takes the user to a screen with the same type of information as its equivalent action in DSK/OSEEach copied/added action takes the user to a screen with the same functionalities as its equivalent action in DSK/OSEAs part of the Cancel Audit action, the Resolved-Cancelled audit status from DSK will be copied for PVRThe Assign and Cancel Audit actions should be limited to Managers and SuperUser (added by CN on 2/28)If an audit is canceled then a comment is requiredThe system will not allow a manager to assign offshore restricted work to any user with an offshore secure roleThe system will not allow a manager to assign QC to any user with an auditor secure role**5/5 JS: it was ntoiced in UAT that an auditor (onshore and offshore) are able to assign work to others. This was to be limited to Managers and Superusers but we will hold off on reporting it as a defect for now in case we decide to keep this functionality. For criteria 11 and 12Scenario: Preventing offshore restricted work from being assigned to an employee with an offshore secure roleGiven a manager is assigning work from Audit ActionsWhen the manager attempts to assign offshore restricted work to an offshore employeeThen the system will display an error message and prevent the restricted case from being assigned offshore Scenario: Preventing an auditor from being assigned QC workGiven a manager is assigning work from Audit ActionsWhen the manager attempts to assign QC work to a user with an auditor secure roleThen the system will display an error message and prevent the QC to be assigned to the auditor","2.9 JS: See Actions Drop-Down tab off attached file2/17 JS added requirements to prevent offshore restricted work being assigned to offshore employees and requirements to restrict QC from being assigned to an auditor.2/28 CN - Add SuperUser to have the ability to """"Cancel"""" PVR Case. Will accept but if we can see another demo to ensure SuperUser role will be able to """"cancel"""" PVR case. 5/5 JS: it was ntoiced in UAT that an auditor (onshore and offshore) are able to assign work to others. This was to be limited to Managers and Superusers but we will hold off on reporting it as a defect for now in case we decide to keep this functionality. ",,,,
US5414917,PVR: Offshore Restricted Case Assignment (User),,Christine Nguyen,Team: Pega Prefects,Accepted,2/14/2023,"Acceptance Criteria Cases that contain the offshore restricted flag will not route to me if it is a manually assigned case  PVRs that contain the offshore restricted flag will not route to me when I click the """"Get Next"""" button in My Work but will instead route to an auditor who does not have the offshore secure role  2/28 CN - Move to Work Landing Page US  If I search for a case or PVR and try to open the details of the case or PVR, I will get a pop-up that alerts me that the case is offshore restricted. If I try to open a case or PVR in any status that contains the offshore restricted flag, I will get a pop-up that alerts me that the case is offshore restricted. On my work landing page, I can view the case ID /PVR ID and limited information (pharmacy name, pharmacy NCPDP, affiliation/chain code, pharmacy state, user names) when a case or PVR contains offshore restricted claim(s). If any of the claims within a Case or PVR are offshore restricted, then the entire Case or PVR will be excluded from an employee with an Offshore Secure Role When the Offshore Restriction BMT is updated, then the offshore restriction flag will update all cases in PARP and if I have any work assigned to me, it will be updated as well.  The update can occur in an overnight job (job can be run between 8PM Pacific to 2AM Pacific).      Scenario 1: Cases that contain the offshore restricted flag will not route to me if it is a manually assigned caseGiven the cases are being assigned manuallyWhen the case contains the offshore restricted flagThen it will not route to me 2/28 CN - Move to Work Landing Page US Scenario 2: PVRs that contain the offshore restricted flag will not route to me to work and will route to an auditor who does not have the offshore secure roleGiven the case is offshore restrictedWhen it does not get routed to me when I click """"Get Next""""Then it will route to an auditor who does not have offshore secure role Scenario 3: If I search for a case or PVR and try to open the details of the case or PVR, I will get a pop-up that alerts me that the case is offshore restricted.Given that I manually search for a caseWhen the case is offshore restrictedThen I will get a pop-up that alerts me """"Offshore Restricted"""" Scenario 4: If I try to open a case or PVR in any status that contains the offshore restricted flag, I will get a pop-up that alerts me that the case is offshore restricted.Given that I try to open a case or PVR in any statusWhen it is offshore restrictedThen I will get a pop-up that alert me """"Offshore Restricted"""" Scenario 5: On my work landing page, I can view the case ID /PVR ID and limited information (pharmacy name, pharmacy NCPDP, affiliation/chain code, pharmacy state) when a case or PVR contains offshore restricted claim(s).Given that I'm an offshore auditor/SuperuserWhen a case/PVR has the offshore restriction flagThen I will be able to see the Case/PVR ID, pharmacy name, pharmacy NCPDP, affiliation/chain code, pharmacy state, due date, days in status, status, assigned operator, current operator on my work landing page but I will not be able to open the case to see the details. Scenario #6:Given any of the claims within a Case or PVR are offshore restrictedWhen the Case or PVR is assigned or routed to an employeeThen the entire Case or PVR will be excluded from an employee with an Offshore Secure Role Scenario #7: When the Offshore Restriction BMT is updated, then the offshore restriction flag will update all case statuses in PARP and if I have any work assigned to me, it will be updated as well.  The update can occur in an overnight job.     Given the Offshore Restriction BMTWhen it is updated  then all cases/PVRs in PARP will be updated with the new offshore restriction flag in an overnight job, if applicable, including work that has already been assigned and yet to be assigned.  (job can be run between 8PM Pacific to 2AM Pacific).","3/2 AG:  if case is resolved/closed, the offshore flag should be updated as well.",,,,
US5416133,PVR: Case Details Audit Tab,,Christine Nguyen,Team: Pega Prefects,Accepted,2/14/2023,"  Case details are available on the PVR status screens  Case details include the same """"Information"""" and """"PVR"""" tabs """"Information"""" tab includes the following subtabs:    PVR Details  Pharmacy Details  Correspondence   The above tabs and subtabs (PVR Details & Pharmacy Details) have the same layout as the DSK flow.  The PVR Details subtab will have the following: (see attached file or below for mock up)   PVR ID  Referral Reason  Service Now - only appear if there is a SN ticket. If there is not SN ticket, this will be hidden  Initial Letter Date  Reminder Letter Date  Initial Due Date  Extended Due Date   Pharmacy Details Subtab has the same information as the DSK flow Correspondence subtab has the following column headers:    CorrID - auto populate by the system  Notification Type - base on the different PVR statuses   Claim Count - number of claim in a PVR case  File - name of the attached file  Created by - User created by  Contact Method - Pharmacy Preferred Contact Method  Contact Detail - Base on what the pharmacy preferred contact method (email or fax)  Status - Fax/email sent successfully """"Success"""" or """"Fail""""   Fulfillment Time - sent date & time with time zone.  Response Date - Pharmacy response date",,,,,
US5416176,PVR: Work Landing Page (Spike) (S.04),,Christine Nguyen,Team: Pega Prefects,Accepted,2/14/2023,"As a PVR TeamI need the system to display a landing page that will allow users to select the status that they will be working on and will allow them to pull PVRs in that status one at a time into their My Work page See attachment for mock-up Acceptance Criteria:Depending on the user's Secure Role, the user can select from different statuses to work When the user selects a status to work, then the user will be able to click a """"Get Next"""" button to begin working on the next available PVR in the selected statusFor Init Corr Failed/Init Letter Gen Failed statuses, the system should prioritize the work in this order: State (from State Audit Laws BMT) & Audit Initiation Date/Time (oldest to newest)CVS Chain codes 00008, 00039, 00123, 00177, 00207, 00608, 00673, and 00782 (audit must be initiated within 7 business days)All other states, Audit Initiation Date/Time (oldest to newest)For all other statuses besides Init Corr Failed/Init Letter Gen Failed, the system will prioritize the work by the date/time of audit initiation there the PVRs with the oldest initiation date/time will have priority over the PVRs with the newer date/time  (e.g. user selects a status and clicks get new, the system will send the user the PVR from that status has the oldest PVR initiation date/time first)Display the volume of work in the status selection sectionThe system will send the user one PVR at a time to work when they press the Get Next buttonI can also see any PVRs that have been assigned to me on the My Work page.   I can work the PVR that is assigned to me by selecting that PVR ID or select Get Next to work  the next available PVR when I have completed the last PVR case I was working on. 5/24 JS This did not pass UAT, the user is able to press Get Next even when they have other unresolved cases assigned to them. However, business decided to leave this functionality as is and will not request a fixIf there is work assigned to me, I will see the following columns:PVR IDPharmacy NamePharmacy NCPDPCurrent OperatorAssigned AuditorDue DateStatusDays in StatusPharmacy StateChain Code3/20 AG:  Add Offshore Restricted Flag since it was already developed in the My Work.","2/23 AG:  Updated Acceptance Criteria by adding in Init Letter Gen Failed queue.  Also, can we consider the CVS chain as well?   ",,,,
US5426633,PVR: Case Note Section,,Christine Nguyen,Team: Pega Prefects,Accepted,2/16/2023,"  Include Case Notes Section in each of the subtabs in Case Details:   PVR Case Details  Pharmacy Details  Correspondence   Free text in Case Notes Select """"Add Notes"""" to save Audit Trail   Created on  Note  Created by   Scenario #1: Include Case Notes Section in each of the subtab in Case DetailsGiven document is needed in a PVR Case DetailsWhen a user is ready to enter a noteThen a Case notes section need to be added under each subtab: PVR Case Details Pharmacy Details Correspondence Scenario #2: Free text in Case NotesGiven Case Notes section is createdWhen a user is ready to enter noteThen allow the user to enter """"free text"""" in the note box Scenario #3: Select """"Add Notes"""" to saveGiven the user entered their notes in the designated note boxWhen the note has been completedThen the user can select """"Add Notes"""" button to save the note Scenario #4: Audit TrailGiven Case NoteWhen a user created a Case NoteThen the system will display an audit trail with the following information: Created on Note Created by",,,,,
US5435141,"PVR: Search Cases by Claim, GPI and NPI Information",,Christine Nguyen,Team: Pega Prefects,Accepted,2/20/2023,"As a PVR team ( all roles)When I have cases assigned to me, I need the system to allow me to search cases in PARP by Claim, GPI and NPI informationSo that I can view the details of the PVR",,,,,
US5450811,PVR: Recent Attachment,,Christine Nguyen,Team: Pega Prefects,Accepted,2/24/2023,"Acceptance Criteria: The Recent Attachments section is available in the Case Audit section The attachments are attached to the PVR case under """"Recent Attachment"""" section User can add attachments to any audit stage screen in the Recent Attachments section similar to OSE/DSK with the + sign  Add 2 options to attach documents:   File from device  URL   We want to be able to see if the attachments were Archive Successful or Unsuccessful Attachments will stay in archived view before it move to DOC 360 after 7 days (same as DSK/OSE) Scenario #1: The Recent Attachments section is available in the Case Audit sectionGiven there are documents for each PVR caseWhen there is a need to attach them to each PVR caseThen a Recent Attachment section is available in the case and audit stage Scenario #2: The attachments are attached to the PVR case under """"Recent Attachment"""" sectionGiven the documents for each PVR is availableWhen there is a need to attach themThen the documents will be attach in the Recent Attachment section for that PVR case Scenario #3: User manually add attachmentsGiven the documentsWhen they failed to attach manuallyThen a user can manually attach them by selecting """"+"""" on the top right corner in the Recent Attachment section Scenario #4: Add 2 options to attach documentsGiven the user can manually attach documents by clicking on + signWhen the documents failed to attach originallyThen the user can select to add manually by attaching file from device or from a URL Scenario #5: We want to be able to see if the attachments were Archive SuccessfulGiven we want to know the status of the archivalWhen the documents were archivedThen the attachment documents will appear under """"Archive Successful"""" Scenario #6: We want to be able to see if the attachments were Archive UnsuccessfulGiven we want to know the status of the archivalWhen the documents were unable to archivedThen the attachment documents will appear under """"Archive Unsuccessful"""" Scenario #7: Attachments will be archived in DOC 360 after 7 daysGiven the documents are in the Recent Attachment sectionWhen there is a need to move themThen the documents will be move to DOC360 after 7 days",,,,,
F980342,PVR: Claim Retention,,Christine Nguyen,Team: Pega Prefects,,,,,,0,0,0
F1200226,PVR: 2024 Backlog & Defect Stabilization | PEGA | Q42024,,Christin Horton,Team: Pega Prefects,,,,,,0,0,0
F1711912,PVR: FAFR Update,,,Team: Pega Prefects,,,,,,0,0,1
F1711926,PVR: Enhancement to Bulk Assign for Consolidated Pharmacies,,,Team: Pega Prefects,,,,,,0,0,1
F1711938,PVR: PG Case Logic,,,Team: Pega Prefects,,,,,,0,0,1
F1798993,"Federal and UHG and State Holiday BMT (PVR) [Related: F1556150] RMA ID-5330, NY Title 11 NYCRR PEGA",Created,Dana Sanchez,Team: Pega Prefects,,,,,,0,0,0
F1799024,"PVR: State Pharmacy Correspondence Requirements BMT 2026 [Related: F1556138] RMA ID-4668, OR H 4149",Created,Dana Sanchez,Team: Pega Prefects,,,,,,0,0,0
F1868955,Enhance Search Criteria for PVR Bulk Actions Report,,Dana Sanchez,Team: Pega Prefects,,,,,,0,0,1
F940406,PVR: Workflow (Part 1 March Release),Created,Christine Nguyen,Team: Pega Prefects,,,,,,1,1,9
F942217,PVR: Fax/Email Process (June Release),,Christine Nguyen,Team: Pega Prefects,,,,,,1,1,2
F942219,PVR: Review Documents,,Christine Nguyen,Team: Pega Prefects,,,,,,1,1,4
F942221,PVR: QC |Q12024,,Christine Nguyen,Team: Pega Prefects,,,,,,1,1,2
F943437,PVR: BMT (Part 1-March Release),,Jennifer Salazar,Team: Pega Prefects,,,,,,1,1,12
F946738,PVR: Roles,,Christine Nguyen,Team: Pega Prefects,,,,,,1,1,2
F948427,PVR: Systematic Initiation of PVR Part 1,,Christine Nguyen,Team: Pega Prefects,,,,,,1,1,3
F963180,PVR: Result Letters to Pharmacy/Chains,,Christine Nguyen,Team: Pega Prefects,,,,,,1,1,2
F964099,PVR:   Letter Templates,,Ashlee Guillermo,Team: Pega Prefects,,,,,,1,1,1
F978312,PVR: Doc360,,Jennifer Salazar,Team: Pega Prefects,,,,,,1,1,1
F980694,PVR:  Reports,,Ashlee Guillermo,Team: Pega Prefects,,,,,,1,1,12
F981278,PVR:  Bulk Actions,,Ashlee Guillermo,Team: Pega Prefects,,,,,,1,1,3
F1091514,PVR: Workflow (Part 2 April Release),Created,Christine Nguyen,Team: Pega Prefects,,,,,,1,1,5
F1091515,PVR: Workflow (Part 3 May Release),Created,Christine Nguyen,Team: Pega Prefects,,,,,,1,1,4
F1091522,PVR: Workflow (Part 1 July Release),Created,Christine Nguyen,Team: Pega Prefects,,,,,,1,1,2
F1091563,PVR: Fax/Email Process (Part 1-April Release),,Christine Nguyen,Team: Pega Prefects,,,,,,1,1,6
F1091567,PVR: Fax/Email Process (Part2-April 1.2),,Christine Nguyen,Team: Pega Prefects,,,,,,1,1,5
F1091573,PVR: Fax/Email Process (Part 3-May Release),,Christine Nguyen,Team: Pega Prefects,,,,,,1,1,7
F1091600,PVR: BMT (Part 2-April Release),,Jennifer Salazar,Team: Pega Prefects,,,,,,1,1,2
F1091606,PVR: BMT (Part 1-MayRelease),,Jennifer Salazar,Team: Pega Prefects,,,,,,1,1,5
F1120735,PVR: Fax/Email Process (July Release),,Christine Nguyen,Team: Pega Prefects,,,,,,1,1,3
F1120737,PVR: Fax/Email Process (August Release),,Christine Nguyen,Team: Pega Prefects,,,,,,1,1,1
F1120740,PVR: BMT (June Release),,Jennifer Salazar,Team: Pega Prefects,,,,,,1,1,2
F1120741,PVR: BMT (July Release),,Jennifer Salazar,Team: Pega Prefects,,,,,,1,1,2
F1120743,PVR: BMT (August Release),,Jennifer Salazar,Team: Pega Prefects,,,,,,1,1,1
F1120746,PVR: Systematic Initiation of PVR Part 2,,Christine Nguyen,Team: Pega Prefects,,,,,,1,1,2
F1126683,PVR: YE Backlog & Defect Stabilization | Q42023,,Christin Horton,Team: Pega Prefects,,,,,,1,1,3
F1158262,PVR: 2024 Backlog & Defect Stabilization | PEGA | Q12024,,Christin Horton,Team: Pega Prefects,,,,,,1,1,2
F1200215,PVR: 2024 Backlog & Defect Stabilization | PEGA | Q22024,,Christin Horton,Team: Pega Prefects,,,,,,1,1,1
F1200217,PVR: 2024 Backlog & Defect Stabilization | PEGA | Q32024,,Christin Horton,Team: Pega Prefects,,,,,,1,1,4
F1254877,PVR: Preventing PVR Initiation of Same Rx Number+NCPDP With Other Flows,Complete,Kunjan Panchal,Team: Pega Prefects,,,,,,1,1,2
F1255122,"Extended due date should not be including """"non-business days""""",Complete,Kunjan Panchal,Team: Pega Prefects,,,,,,1,1,1
F1263123,Add Pharmacy Name to DNA BMT and Read Only Access,Complete,Kunjan Panchal,Team: Pega Prefects,,,,,,1,1,2
F1293021,PVR:  Reports - Part 2,Complete,Ashlee Guillermo,Team: Pega Prefects,,,,,,1,1,1
F1293348,"DSK, OSE, PVR: Change to State Restriction Discrepancy Code BMT",,Kunjan Panchal,Team: Pega Prefects,,,,,,1,1,1
F1315251,PVR: QC Aging Report,,Christin Horton,Team: Pega Prefects,,,,,,1,1,2
F1423496,"DSK, OSE, INV, PVR, INM, TNM, ALL: Regional Audit Block BMT and Logic",Done,Kunjan Panchal,Team: Pega Prefects,,,,,,1,1,2
F1556138,"State Pharmacy Correspondence Requirements BMT [Related: F1705637] RMA ID-4668, OR H 4149",Done,Dana Sanchez,Team: Pega Prefects,,,,,,1,1,2
F1556150,"Federal and UHG and State Holiday BMT (OSE and DSK) [Related: F1705656] RMA ID-5330, NY Title 11 NYCRR",Done,Dana Sanchez,Team: Pega Prefects,,,,,,1,1,2
F1705637,"DSK: State Pharmacy Correspondence Requirements BMT 2026 [Related: F1556138] RMA ID-4668, OR H 4149",,Dana Sanchez,Team: Pega Prefects,,,,,,1,1,1
F1705656,"Federal and UHG and State Holiday BMT (Onsite Carry over) [Related: F1556150] RMA ID-5330, NY Title 11 NYCRR",,Dana Sanchez,Team: Pega Prefects,,,,,,1,1,1
F1710020,"DSK, OSE, INV, PVR, INM, TNM, ALL: Regional Audit Block BMT and Logic [Part 2 - Monthly]",Done,Kunjan Panchal,Team: Pega Prefects,,,,,,1,1,1
F1711895,PVR: Offshore Prioritization Update Per Case Queue,,Dana Sanchez,Team: Pega Prefects,,,,,,1,1,1
F1711897,PVR: Pharmacy Notes Tab BMT,,,Team: Pega Prefects,,,,,,1,1,4
F1711898,PVR: Enhancement to Adding Unit of Measure and Package Size to PARP UI,,,Team: Pega Prefects,,,,,,1,1,1
F1711917,PVR: Previous PVR for Same Rx Flag,,,Team: Pega Prefects,,,,,,1,1,2
F1730268,PVR: CVS Document Splitting pt 1,Created,Dana Sanchez,Team: Pega Prefects,,,,,,1,1,1
F1748147,PVR Offshore BMT Enhancement,,Dana Sanchez,Team: Pega Prefects,,,,,,1,1,1
F1799021,PVR: CVS Document Splitting pt 2,Created,Dana Sanchez,Team: Pega Prefects,,,,,,1,1,1
F1839195,PVR: Ability to Edit PVR post Review in Progress,,,Team: Pega Prefects,,,,,,1,1,1
F1839196,PVR: US Claim Hyperlink in the QC Error View,,,Team: Pega Prefects,,,,,,1,1,1
F980342,PVR: Claim Retention,,Christine Nguyen,Team: Pega Prefects,,,,,,0,0,0
F1200226,PVR: 2024 Backlog & Defect Stabilization | PEGA | Q42024,,Christin Horton,Team: Pega Prefects,,,,,,0,0,0
F1711912,PVR: FAFR Update,,,Team: Pega Prefects,,,,,,0,0,1
F1711926,PVR: Enhancement to Bulk Assign for Consolidated Pharmacies,,,Team: Pega Prefects,,,,,,0,0,1
F1711938,PVR: PG Case Logic,,,Team: Pega Prefects,,,,,,0,0,1
F1798993,"Federal and UHG and State Holiday BMT (PVR) [Related: F1556150] RMA ID-5330, NY Title 11 NYCRR PEGA",Created,Dana Sanchez,Team: Pega Prefects,,,,,,0,0,0
F1799024,"PVR: State Pharmacy Correspondence Requirements BMT 2026 [Related: F1556138] RMA ID-4668, OR H 4149",Created,Dana Sanchez,Team: Pega Prefects,,,,,,0,0,0
F1868955,Enhance Search Criteria for PVR Bulk Actions Report,,Dana Sanchez,Team: Pega Prefects,,,,,,0,0,1
F940406,PVR: Workflow (Part 1 March Release),Created,Christine Nguyen,Team: Pega Prefects,,,,,,1,1,9
F942217,PVR: Fax/Email Process (June Release),,Christine Nguyen,Team: Pega Prefects,,,,,,1,1,2
F942219,PVR: Review Documents,,Christine Nguyen,Team: Pega Prefects,,,,,,1,1,4
F942221,PVR: QC |Q12024,,Christine Nguyen,Team: Pega Prefects,,,,,,1,1,2
F943437,PVR: BMT (Part 1-March Release),,Jennifer Salazar,Team: Pega Prefects,,,,,,1,1,12
F946738,PVR: Roles,,Christine Nguyen,Team: Pega Prefects,,,,,,1,1,2
F948427,PVR: Systematic Initiation of PVR Part 1,,Christine Nguyen,Team: Pega Prefects,,,,,,1,1,3
F963180,PVR: Result Letters to Pharmacy/Chains,,Christine Nguyen,Team: Pega Prefects,,,,,,1,1,2
F964099,PVR:   Letter Templates,,Ashlee Guillermo,Team: Pega Prefects,,,,,,1,1,1
F978312,PVR: Doc360,,Jennifer Salazar,Team: Pega Prefects,,,,,,1,1,1
F980694,PVR:  Reports,,Ashlee Guillermo,Team: Pega Prefects,,,,,,1,1,12
F981278,PVR:  Bulk Actions,,Ashlee Guillermo,Team: Pega Prefects,,,,,,1,1,3
F1091514,PVR: Workflow (Part 2 April Release),Created,Christine Nguyen,Team: Pega Prefects,,,,,,1,1,5
F1091515,PVR: Workflow (Part 3 May Release),Created,Christine Nguyen,Team: Pega Prefects,,,,,,1,1,4
F1091522,PVR: Workflow (Part 1 July Release),Created,Christine Nguyen,Team: Pega Prefects,,,,,,1,1,2
F1091563,PVR: Fax/Email Process (Part 1-April Release),,Christine Nguyen,Team: Pega Prefects,,,,,,1,1,6
F1091567,PVR: Fax/Email Process (Part2-April 1.2),,Christine Nguyen,Team: Pega Prefects,,,,,,1,1,5
F1091573,PVR: Fax/Email Process (Part 3-May Release),,Christine Nguyen,Team: Pega Prefects,,,,,,1,1,7
F1091600,PVR: BMT (Part 2-April Release),,Jennifer Salazar,Team: Pega Prefects,,,,,,1,1,2
F1091606,PVR: BMT (Part 1-MayRelease),,Jennifer Salazar,Team: Pega Prefects,,,,,,1,1,5
F1120735,PVR: Fax/Email Process (July Release),,Christine Nguyen,Team: Pega Prefects,,,,,,1,1,3
F1120737,PVR: Fax/Email Process (August Release),,Christine Nguyen,Team: Pega Prefects,,,,,,1,1,1
F1120740,PVR: BMT (June Release),,Jennifer Salazar,Team: Pega Prefects,,,,,,1,1,2
F1120741,PVR: BMT (July Release),,Jennifer Salazar,Team: Pega Prefects,,,,,,1,1,2
F1120743,PVR: BMT (August Release),,Jennifer Salazar,Team: Pega Prefects,,,,,,1,1,1
F1120746,PVR: Systematic Initiation of PVR Part 2,,Christine Nguyen,Team: Pega Prefects,,,,,,1,1,2
F1126683,PVR: YE Backlog & Defect Stabilization | Q42023,,Christin Horton,Team: Pega Prefects,,,,,,1,1,3
F1158262,PVR: 2024 Backlog & Defect Stabilization | PEGA | Q12024,,Christin Horton,Team: Pega Prefects,,,,,,1,1,2
F1200215,PVR: 2024 Backlog & Defect Stabilization | PEGA | Q22024,,Christin Horton,Team: Pega Prefects,,,,,,1,1,1
F1200217,PVR: 2024 Backlog & Defect Stabilization | PEGA | Q32024,,Christin Horton,Team: Pega Prefects,,,,,,1,1,4
F1254877,PVR: Preventing PVR Initiation of Same Rx Number+NCPDP With Other Flows,Complete,Kunjan Panchal,Team: Pega Prefects,,,"Before a PVR case is initiated, PARP will do a check against the other flows and remove any claims from a PVR case that have the same Rx number at the same NCPDP ID that is present in the OA/DA correspondence table.If the PVR case has more than 1 claim, only the claim that has an Rx number+NCPDPID duplicated with another flow will be removed.  The remaining claim(s) will continue to be included in the PVR case initiation.If the PVR case has only 1 claim and the claim has an Rx number+NCPDPID that is duplicated with another flow, the case will be resolved-cancelled and a PVR initial letter will not be sent. Given before PVR case is initiatedWhen PARP will cross-check the claim(s) in the PVR case to see if any claim has the same Rx number from the same NCPDP ID as a claim that is in the OA/DA correspondence table and the OA/DA is in a status other than Resolved-FAFR Submitted or Resolved-CancelledThen PARP will remove the claim(s) with the duplicated Rx number(s) from the PVR case Given a PVR case has more than 1 claimWhen one or more claim(s) has/have an Rx number+NCPDPID duplicated with another flow in OA/DA correspondence table and the OA/DA is in a status  other than Resolved-FAFR Submitted or Resolved-CancelledThen the duplicated claim(s) will be removed from the case and any remaining claims will continue to be included in the PVR during case initiation Given a PVR case has only 1 claimWhen the claim has an Rx number+NCPDPID duplicated with another flow in OA/DA correspondence table and the OA/DA is in a status other than Resolved-FAFR Submitted or Resolved-CancelledThen the case will be resolved-cancelled and the PVR initial letter will not be sent",,,1,1,2
F1255122,"Extended due date should not be including """"non-business days""""",Complete,Kunjan Panchal,Team: Pega Prefects,,,"See US5240924 - PVR-Granting ExtensionsWhen the user grant an extension, system adds 3 business days to the original due dateScenario #1: User grants an extension in the systemGiven a pharmacy requests an extension to the initial request for recordsWhen the user selects the option to grant extension to a case in the systemThen the system will update the original due date by adding 3 more business days Initial Due Date - See US5240939 - PVR Due Date Timeframe2. Based on the date and time of the letter successfully being sent out, I need the system to assign a due date for when the pharmacy must respond with documents (7 business days to respond).  Scenario #2: Initial Due DateGiven an initial letter was successfully sent outWhen the system need to assign a due dateThen 7 business days from the initial letter sent date will be added ",,,1,1,1
F1263123,Add Pharmacy Name to DNA BMT and Read Only Access,Complete,Kunjan Panchal,Team: Pega Prefects,,,"Add column for """"Pharmacy Name""""Populate """"Pharmacy Name"""" column from IDW field V_D_PHARMACY.PHR_NM that is associated with the NCPDP entered into the table.If NCPDP field is blank then Pharmacy Name will also be blankIf NCPDP field is not blank the pharmacy name must be populated. If the NCPDP does not exist then Pharmacy Name field should populate with """"Pharm Name Not Found""""Job to populate pharmacy name will run daily during the BMT lock window. (Users will see the pharmacy name the day after entering the record that contains an NCPDP)If the pharmacy name is changed in the source system PARP should update to show the current name """"Pharmacy Name"""" field should not be editableCreate a read-only view/access during times when the BMT is locked9.  12/20/23 AGUILLE: Add message at top of DNA BMT to read:   DNA BMT is locked from 12AM to 12PM ET. During this time, no edits can be made.  An error such as THIS INSTANCE EXISTS ALREADY may appear when users try to edit.     ",,,1,1,2
F1293021,PVR:  Reports - Part 2,Complete,Ashlee Guillermo,Team: Pega Prefects,,,,,,1,1,1
F1293348,"DSK, OSE, PVR: Change to State Restriction Discrepancy Code BMT",,Kunjan Panchal,Team: Pega Prefects,,,,,,1,1,1
F1315251,PVR: QC Aging Report,,Christin Horton,Team: Pega Prefects,,,,,,1,1,2
F1423496,"DSK, OSE, INV, PVR, INM, TNM, ALL: Regional Audit Block BMT and Logic",Done,Kunjan Panchal,Team: Pega Prefects,,,A/C within the user stories,,,1,1,2
F1556138,"State Pharmacy Correspondence Requirements BMT [Related: F1705637] RMA ID-4668, OR H 4149",Done,Dana Sanchez,Team: Pega Prefects,,,,,,1,1,2
F1556150,"Federal and UHG and State Holiday BMT (OSE and DSK) [Related: F1705656] RMA ID-5330, NY Title 11 NYCRR",Done,Dana Sanchez,Team: Pega Prefects,,,,,,1,1,2
F1705637,"DSK: State Pharmacy Correspondence Requirements BMT 2026 [Related: F1556138] RMA ID-4668, OR H 4149",,Dana Sanchez,Team: Pega Prefects,,,,,,1,1,1
F1705656,"Federal and UHG and State Holiday BMT (Onsite Carry over) [Related: F1556150] RMA ID-5330, NY Title 11 NYCRR",,Dana Sanchez,Team: Pega Prefects,,,,,,1,1,1
F1710020,"DSK, OSE, INV, PVR, INM, TNM, ALL: Regional Audit Block BMT and Logic [Part 2 - Monthly]",Done,Kunjan Panchal,Team: Pega Prefects,,,A/C within the user stories,,,1,1,1
F1711895,PVR: Offshore Prioritization Update Per Case Queue,,Dana Sanchez,Team: Pega Prefects,,,,,,1,1,1
F1711897,PVR: Pharmacy Notes Tab BMT,,,Team: Pega Prefects,,,,,,1,1,4
F1711898,PVR: Enhancement to Adding Unit of Measure and Package Size to PARP UI,,,Team: Pega Prefects,,,,,,1,1,1
F1711917,PVR: Previous PVR for Same Rx Flag,,,Team: Pega Prefects,,,,,,1,1,2
F1730268,PVR: CVS Document Splitting pt 1,Created,Dana Sanchez,Team: Pega Prefects,,,,,,1,1,1
F1748147,PVR Offshore BMT Enhancement,,Dana Sanchez,Team: Pega Prefects,,,,,,1,1,1
F1799021,PVR: CVS Document Splitting pt 2,Created,Dana Sanchez,Team: Pega Prefects,,,,,,1,1,1
F1839195,PVR: Ability to Edit PVR post Review in Progress,,,Team: Pega Prefects,,,,,,1,1,1
F1839196,PVR: US Claim Hyperlink in the QC Error View,,,Team: Pega Prefects,,,,,,1,1,1
F980342,PVR: Claim Retention,,Christine Nguyen,Team: Pega Prefects,,,,,,0,0,0
F1200226,PVR: 2024 Backlog & Defect Stabilization | PEGA | Q42024,,Christin Horton,Team: Pega Prefects,,,,,,0,0,0
F1711912,PVR: FAFR Update,,,Team: Pega Prefects,,,,,,0,0,1
F1711926,PVR: Enhancement to Bulk Assign for Consolidated Pharmacies,,,Team: Pega Prefects,,,,,,0,0,1
F1711938,PVR: PG Case Logic,,,Team: Pega Prefects,,,,,,0,0,1
F1798993,"Federal and UHG and State Holiday BMT (PVR) [Related: F1556150] RMA ID-5330, NY Title 11 NYCRR PEGA",Created,Dana Sanchez,Team: Pega Prefects,,,,,,0,0,0
F1799024,"PVR: State Pharmacy Correspondence Requirements BMT 2026 [Related: F1556138] RMA ID-4668, OR H 4149",Created,Dana Sanchez,Team: Pega Prefects,,,,,,0,0,0
F1868955,Enhance Search Criteria for PVR Bulk Actions Report,,Dana Sanchez,Team: Pega Prefects,,,,,,0,0,1
F940406,PVR: Workflow (Part 1 March Release),Created,Christine Nguyen,Team: Pega Prefects,,,,,,1,1,9
F942217,PVR: Fax/Email Process (June Release),,Christine Nguyen,Team: Pega Prefects,,,,,,1,1,2
F942219,PVR: Review Documents,,Christine Nguyen,Team: Pega Prefects,,,,,,1,1,4
F942221,PVR: QC |Q12024,,Christine Nguyen,Team: Pega Prefects,,,,,,1,1,2
F943437,PVR: BMT (Part 1-March Release),,Jennifer Salazar,Team: Pega Prefects,,,,,,1,1,12
F946738,PVR: Roles,,Christine Nguyen,Team: Pega Prefects,,,,,,1,1,2
F948427,PVR: Systematic Initiation of PVR Part 1,,Christine Nguyen,Team: Pega Prefects,,,,,,1,1,3
F963180,PVR: Result Letters to Pharmacy/Chains,,Christine Nguyen,Team: Pega Prefects,,,,,,1,1,2
F964099,PVR:   Letter Templates,,Ashlee Guillermo,Team: Pega Prefects,,,,,,1,1,1
F978312,PVR: Doc360,,Jennifer Salazar,Team: Pega Prefects,,,,,,1,1,1
F980694,PVR:  Reports,,Ashlee Guillermo,Team: Pega Prefects,,,,,,1,1,12
F981278,PVR:  Bulk Actions,,Ashlee Guillermo,Team: Pega Prefects,,,,,,1,1,3
F1091514,PVR: Workflow (Part 2 April Release),Created,Christine Nguyen,Team: Pega Prefects,,,,,,1,1,5
F1091515,PVR: Workflow (Part 3 May Release),Created,Christine Nguyen,Team: Pega Prefects,,,,,,1,1,4
F1091522,PVR: Workflow (Part 1 July Release),Created,Christine Nguyen,Team: Pega Prefects,,,,,,1,1,2
F1091563,PVR: Fax/Email Process (Part 1-April Release),,Christine Nguyen,Team: Pega Prefects,,,,,,1,1,6
F1091567,PVR: Fax/Email Process (Part2-April 1.2),,Christine Nguyen,Team: Pega Prefects,,,,,,1,1,5
F1091573,PVR: Fax/Email Process (Part 3-May Release),,Christine Nguyen,Team: Pega Prefects,,,,,,1,1,7
F1091600,PVR: BMT (Part 2-April Release),,Jennifer Salazar,Team: Pega Prefects,,,,,,1,1,2
F1091606,PVR: BMT (Part 1-MayRelease),,Jennifer Salazar,Team: Pega Prefects,,,,,,1,1,5
F1120735,PVR: Fax/Email Process (July Release),,Christine Nguyen,Team: Pega Prefects,,,,,,1,1,3
F1120737,PVR: Fax/Email Process (August Release),,Christine Nguyen,Team: Pega Prefects,,,,,,1,1,1
F1120740,PVR: BMT (June Release),,Jennifer Salazar,Team: Pega Prefects,,,,,,1,1,2
F1120741,PVR: BMT (July Release),,Jennifer Salazar,Team: Pega Prefects,,,,,,1,1,2
F1120743,PVR: BMT (August Release),,Jennifer Salazar,Team: Pega Prefects,,,,,,1,1,1
F1120746,PVR: Systematic Initiation of PVR Part 2,,Christine Nguyen,Team: Pega Prefects,,,,,,1,1,2
F1126683,PVR: YE Backlog & Defect Stabilization | Q42023,,Christin Horton,Team: Pega Prefects,,,,,,1,1,3
F1158262,PVR: 2024 Backlog & Defect Stabilization | PEGA | Q12024,,Christin Horton,Team: Pega Prefects,,,,,,1,1,2
F1200215,PVR: 2024 Backlog & Defect Stabilization | PEGA | Q22024,,Christin Horton,Team: Pega Prefects,,,,,,1,1,1
F1200217,PVR: 2024 Backlog & Defect Stabilization | PEGA | Q32024,,Christin Horton,Team: Pega Prefects,,,,,,1,1,4
F1254877,PVR: Preventing PVR Initiation of Same Rx Number+NCPDP With Other Flows,Complete,Kunjan Panchal,Team: Pega Prefects,,,"Before a PVR case is initiated, PARP will do a check against the other flows and remove any claims from a PVR case that have the same Rx number at the same NCPDP ID that is present in the OA/DA correspondence table.If the PVR case has more than 1 claim, only the claim that has an Rx number+NCPDPID duplicated with another flow will be removed.  The remaining claim(s) will continue to be included in the PVR case initiation.If the PVR case has only 1 claim and the claim has an Rx number+NCPDPID that is duplicated with another flow, the case will be resolved-cancelled and a PVR initial letter will not be sent. Given before PVR case is initiatedWhen PARP will cross-check the claim(s) in the PVR case to see if any claim has the same Rx number from the same NCPDP ID as a claim that is in the OA/DA correspondence table and the OA/DA is in a status other than Resolved-FAFR Submitted or Resolved-CancelledThen PARP will remove the claim(s) with the duplicated Rx number(s) from the PVR case Given a PVR case has more than 1 claimWhen one or more claim(s) has/have an Rx number+NCPDPID duplicated with another flow in OA/DA correspondence table and the OA/DA is in a status  other than Resolved-FAFR Submitted or Resolved-CancelledThen the duplicated claim(s) will be removed from the case and any remaining claims will continue to be included in the PVR during case initiation Given a PVR case has only 1 claimWhen the claim has an Rx number+NCPDPID duplicated with another flow in OA/DA correspondence table and the OA/DA is in a status other than Resolved-FAFR Submitted or Resolved-CancelledThen the case will be resolved-cancelled and the PVR initial letter will not be sent",,,1,1,2
F1255122,"Extended due date should not be including """"non-business days""""",Complete,Kunjan Panchal,Team: Pega Prefects,,,"See US5240924 - PVR-Granting ExtensionsWhen the user grant an extension, system adds 3 business days to the original due dateScenario #1: User grants an extension in the systemGiven a pharmacy requests an extension to the initial request for recordsWhen the user selects the option to grant extension to a case in the systemThen the system will update the original due date by adding 3 more business days Initial Due Date - See US5240939 - PVR Due Date Timeframe2. Based on the date and time of the letter successfully being sent out, I need the system to assign a due date for when the pharmacy must respond with documents (7 business days to respond).  Scenario #2: Initial Due DateGiven an initial letter was successfully sent outWhen the system need to assign a due dateThen 7 business days from the initial letter sent date will be added ",,,1,1,1
F1263123,Add Pharmacy Name to DNA BMT and Read Only Access,Complete,Kunjan Panchal,Team: Pega Prefects,,,"Add column for """"Pharmacy Name""""Populate """"Pharmacy Name"""" column from IDW field V_D_PHARMACY.PHR_NM that is associated with the NCPDP entered into the table.If NCPDP field is blank then Pharmacy Name will also be blankIf NCPDP field is not blank the pharmacy name must be populated. If the NCPDP does not exist then Pharmacy Name field should populate with """"Pharm Name Not Found""""Job to populate pharmacy name will run daily during the BMT lock window. (Users will see the pharmacy name the day after entering the record that contains an NCPDP)If the pharmacy name is changed in the source system PARP should update to show the current name """"Pharmacy Name"""" field should not be editableCreate a read-only view/access during times when the BMT is locked9.  12/20/23 AGUILLE: Add message at top of DNA BMT to read:   DNA BMT is locked from 12AM to 12PM ET. During this time, no edits can be made.  An error such as THIS INSTANCE EXISTS ALREADY may appear when users try to edit.     ",,,1,1,2
F1293021,PVR:  Reports - Part 2,Complete,Ashlee Guillermo,Team: Pega Prefects,,,,,,1,1,1
F1293348,"DSK, OSE, PVR: Change to State Restriction Discrepancy Code BMT",,Kunjan Panchal,Team: Pega Prefects,,,,,,1,1,1
F1315251,PVR: QC Aging Report,,Christin Horton,Team: Pega Prefects,,,,,,1,1,2
F1423496,"DSK, OSE, INV, PVR, INM, TNM, ALL: Regional Audit Block BMT and Logic",Done,Kunjan Panchal,Team: Pega Prefects,,,A/C within the user stories,,,1,1,2
F1556138,"State Pharmacy Correspondence Requirements BMT [Related: F1705637] RMA ID-4668, OR H 4149",Done,Dana Sanchez,Team: Pega Prefects,,,,,,1,1,2
F1556150,"Federal and UHG and State Holiday BMT (OSE and DSK) [Related: F1705656] RMA ID-5330, NY Title 11 NYCRR",Done,Dana Sanchez,Team: Pega Prefects,,,,,,1,1,2
F1705637,"DSK: State Pharmacy Correspondence Requirements BMT 2026 [Related: F1556138] RMA ID-4668, OR H 4149",,Dana Sanchez,Team: Pega Prefects,,,,,,1,1,1
F1705656,"Federal and UHG and State Holiday BMT (Onsite Carry over) [Related: F1556150] RMA ID-5330, NY Title 11 NYCRR",,Dana Sanchez,Team: Pega Prefects,,,,,,1,1,1
F1710020,"DSK, OSE, INV, PVR, INM, TNM, ALL: Regional Audit Block BMT and Logic [Part 2 - Monthly]",Done,Kunjan Panchal,Team: Pega Prefects,,,A/C within the user stories,,,1,1,1
F1711895,PVR: Offshore Prioritization Update Per Case Queue,,Dana Sanchez,Team: Pega Prefects,,,,,,1,1,1
F1711897,PVR: Pharmacy Notes Tab BMT,,,Team: Pega Prefects,,,,,,1,1,4
F1711898,PVR: Enhancement to Adding Unit of Measure and Package Size to PARP UI,,,Team: Pega Prefects,,,,,,1,1,1
F1711917,PVR: Previous PVR for Same Rx Flag,,,Team: Pega Prefects,,,,,,1,1,2
F1730268,PVR: CVS Document Splitting pt 1,Created,Dana Sanchez,Team: Pega Prefects,,,,,,1,1,1
F1748147,PVR Offshore BMT Enhancement,,Dana Sanchez,Team: Pega Prefects,,,,,,1,1,1
F1799021,PVR: CVS Document Splitting pt 2,Created,Dana Sanchez,Team: Pega Prefects,,,,,,1,1,1
F1839195,PVR: Ability to Edit PVR post Review in Progress,,,Team: Pega Prefects,,,,,,1,1,1
F1839196,PVR: US Claim Hyperlink in the QC Error View,,,Team: Pega Prefects,,,,,,1,1,1
